gene,baseMean,log2FoldChange,lfcSE,stat,pvalue,padj
Gm17167,523.380058384623,-2.18095712353152,0.108958401429333,-19.9814859661045,7.98125710920071e-89,1.6845241254679e-84
Oscar,100.000411094198,-1.67048299902706,0.109683727669615,-14.7191006160046,4.86081980894022e-49,5.12962314437462e-45
Ccdc61,229.498334995061,-1.31628214931669,0.10025446059728,-13.5951363034654,4.2796265521067e-42,3.01085993362547e-38
Gm16251,310.230373059739,1.0325374494916,0.0932608577379877,12.4327110511583,1.73643793512153e-35,9.16231476466874e-32
Vmn2r29,203.121441281482,-1.24083202290252,0.107002764721881,-12.3321023376883,6.0838416484099e-35,2.56811123662679e-31
Bet1,981.23110830786,-1.08015186834919,0.101601818039846,-10.9438475634398,7.11163438169604e-28,2.50163592100128e-24
Ccl27a,386.024827695068,-1.09043617065488,0.107933683165655,-10.7223651944099,7.99327220476966e-27,2.41008575934098e-23
Zfp772,232.901535929807,-1.01039548746862,0.10108292664175,-10.4861005966207,1.00073644737212e-25,2.6401929322795e-22
Samd11,384.515882653366,-1.0255021652803,0.102437430699398,-10.4132654543696,2.15693504129999e-25,5.05825233129751e-22
Rdh13,1280.6399107356,0.721681840400562,0.0760770520105975,10.1915427632338,2.1630396322651e-24,4.56531144785871e-21
Cfap54,3316.4502285241,-0.978155177207784,0.0941579344979722,-10.024078707519,1.19468550778149e-23,2.29227566611238e-20
4930412C18Rik,231.896457389506,-0.968235557334387,0.108758463713211,-10.015435139075,1.30386860807555e-23,2.29328757017021e-20
Serhl,171.388599235711,-0.993238592840387,0.1086441809609,-9.96274212096945,2.21857522991428e-23,3.60194221558237e-20
Gm20110,76.2702044971696,0.941524763932107,0.107583137532566,9.87126911985527,5.54584324649484e-23,8.36075482575144e-20
Gm47578,97.6649931795117,0.923844288611616,0.106948522340277,9.63945629117163,5.44757417652902e-22,7.6651000379881e-19
Adgrf4,231.153633827965,-1.12226398814289,0.105499013805568,-9.44477803694501,3.5615836868045e-21,4.69817408085599e-18
Gm45356,95.5879455675586,-0.97224199160919,0.108799040004544,-9.41357147516728,4.79558847308199e-21,5.95386413605109e-18
Pax1,63.6120585082605,-0.850813832989535,0.104715640042754,-9.38760481159108,6.13801457862447e-21,7.19716309424711e-18
Rnf152,8943.45152704263,0.887311286060068,0.104744645038441,9.36382453670408,7.69014853766421e-21,8.11541375179704e-18
Lims2,70.5130629059791,-1.00508411366102,0.10850528345857,-9.36616111172639,7.52186400118604e-21,8.11541375179704e-18
Mill2,115.547925127986,0.700176398517882,0.103881662469639,9.17142405535156,4.66810898521189e-20,4.691671821042e-17
Pglyrp1,85.3673617029638,-0.856039011376568,0.109007094414257,-9.01986797725966,1.88316110845225e-19,1.80663628886332e-16
Smg9,746.482164681464,-0.71746452290185,0.0832550667610583,-8.89890453005809,5.64005810655674e-19,5.17561158247767e-16
Gm29088,196.489105640543,-0.841831210402434,0.103105972197245,-8.66662768654296,4.45107490858843e-18,3.91434945919447e-15
Zfp992,119.00323153332,-0.817572326443037,0.108592934664431,-8.10659105139617,5.20597099549964e-16,4.39508895324061e-13
Adam18,68.1814589312456,-0.711339418280338,0.105536297892741,-7.98987067267354,1.35080383060264e-15,1.09654098648844e-12
Zfp641,961.694442407842,0.647747593626718,0.0824552516710722,7.9389484002962,2.03902571629782e-15,1.59391395437711e-12
9330104G04Rik,65.0043503451735,-0.78585440727748,0.10893730740514,-7.86609487944709,3.65883086301226e-15,2.75797443552631e-12
Abca6,527.272962570946,-0.90621061277726,0.108027644312566,-7.73059107773793,1.07048370207926e-14,7.79090655727062e-12
Psen1,2845.40254731538,0.473650561433612,0.062505099857593,7.62904759779099,2.36494316587171e-14,1.66381634862961e-11
Ston2,486.613770078571,0.782987295604598,0.101518083240349,7.56472454980998,3.88687355051132e-14,2.64633397280942e-11
Npas1,509.437497733364,0.685686312414987,0.102101926847122,7.18092648910495,6.92405769442658e-13,4.42845944541113e-10
Gm29443,180.249012125397,-0.669255751326521,0.101024925781333,-7.18219568955323,6.86006329664386e-13,4.42845944541113e-10
Dnaic1,170.581265658373,-0.705750746689288,0.0974392043836962,-7.12242832706453,1.06041901226593e-12,6.58270696261313e-10
Etnk2,387.017591280089,-0.653377297068017,0.102481768920298,-7.07663392905816,1.4769800977485e-12,8.90661198373707e-10
Zfp27,344.338793614625,-0.611286264341189,0.093145464321421,-7.05129603583671,1.77258916290234e-12,1.01114234789775e-09
Arhgap33os,116.063838927579,0.236317314682284,0.081141141637073,7.05290340157324,1.75222500401139e-12,1.01114234789775e-09
B230217O12Rik,1124.66639162602,0.557859471567024,0.0943296166364169,7.04176901849685,1.89814305936431e-12,1.05426861607745e-09
Gpatch1,1721.28608056214,-0.473146476573126,0.0676227265493433,-7.0272123980488,2.10700509711817e-12,1.14026793794298e-09
Zfp943,1022.8692499352,-0.677470734546193,0.0986187738588544,-6.95190277138362,3.60391768458342e-12,1.90160716627044e-09
Tmc4,438.557437969554,-0.599914192863118,0.0985888071908199,-6.87328571274795,6.27397275764109e-12,3.229718756653e-09
Ercc1,264.632054175295,-0.62008522125053,0.101011136941659,-6.86705933447067,6.55388159368728e-12,3.29348154562771e-09
Gm43263,83.4768487728699,-0.717622507575019,0.108298654064533,-6.84193722187745,7.81293289213377e-12,3.83487817724129e-09
Gm12762,104.671608655742,0.4464088595439,0.105475888429773,6.77437291759982,1.2494700607178e-11,5.9934807048886e-09
Oser1,519.510533687768,0.572465934717535,0.09319440021679,6.63982000506906,3.14066440238234e-11,1.47304139725959e-08
Ifitm2,104.193310232266,0.186020307256965,0.0765335835130098,6.63459216662683,3.25400974370559e-11,1.49302455762283e-08
4933409K07Rik,38.0358804222005,-0.947177939897277,0.103319271560551,-6.59572694237627,4.23177162333674e-11,1.90033557196054e-08
D330041H03Rik,314.988791472074,0.614718723621806,0.107077888495808,6.52098794010277,6.98458013008803e-11,3.07117808803412e-08
Pcdhga6,139.686344457871,-0.683596148723723,0.104714093566404,-6.49044707566499,8.55820265573407e-11,3.68631480105966e-08
Spocd1,153.454582485707,-0.763192562184924,0.108618101527573,-6.46661631008069,1.00221693121113e-10,4.23055811002844e-08
A230056P14Rik,300.341994119968,-0.617546776995365,0.108575244783434,-6.39111687570237,1.64678446661959e-10,6.81510450048492e-08
Zfp951,340.311406321847,-0.673875514349807,0.108530076636746,-6.35999768330883,2.01756792260695e-10,8.18899780279661e-08
Sbspon,193.674599905923,-0.700534402740029,0.104859016254369,-6.34792403366647,2.18239794515279e-10,8.6908851000745e-08
Zfp990,41.2455000752917,-0.544374082826642,0.0916520478291615,-6.3445009726877,2.23147577282696e-10,8.7217643817196e-08
Card10,164.537730706591,-0.574397196780394,0.10702343961989,-6.32007501628132,2.61436359088105e-10,1.00325014452974e-07
Platr16,33.3811548721131,-0.426577215775163,0.0878433575575795,-6.3153893718001,2.69482105160274e-10,1.01565880562727e-07
Leng1,206.983813076606,-0.533517032016436,0.0922637873034088,-6.29930403857135,2.98985023848705e-10,1.0895509564381e-07
Gm12576,440.835798162226,0.528134480853772,0.108288218365902,6.29908267116152,2.9941227837302e-10,1.0895509564381e-07
Ptpn22,308.294116711417,-0.528248098078495,0.0892256015529836,-6.25791242564854,3.90164795460581e-10,1.39573189372729e-07
Pnmal2,1234.01262207968,0.524054024496844,0.0932325029960625,6.24802014978247,4.15688059834017e-10,1.46225203180946e-07
Tbc1d2,260.603937296244,-0.62298132968153,0.106363552376692,-6.22067011710183,4.9503600031897e-10,1.71282456110364e-07
Gm3892,20.155807895195,-0.646488617518431,0.0969013775496966,-6.19539890103951,5.81375999876707e-10,1.97911642796739e-07
Abca9,229.252882049067,-0.712725061214716,0.108265005163545,-6.18944708793138,6.03756146008740e-10,2.02267892343817e-07
Gm21119,27.2959527416402,-0.566990625235047,0.102219427175644,-6.16286966632563,7.1438305242797e-10,2.35590136008511e-07
Sav1,1215.99927845931,-0.582145326564884,0.0925523324753191,-6.11252964569924,9.80640828804817e-10,3.18421620503915e-07
Sae1,2507.97640198021,0.408747701446114,0.0672318736946094,6.10567962130676,1.02364159770571e-09,3.27348175169345e-07
Prss33,23.4537604295417,0.485804202372606,0.0930647628034226,6.08013804736462,1.20079120572699e-09,3.78267152060805e-07
Lynx1,1840.87771230718,-0.551148068923249,0.0950703367982298,-6.05546775321786,1.40010221238595e-09,4.34567019038499e-07
Vmn1r90,55.0063715412811,-0.604728978344288,0.106053159548091,-6.04844082542471,1.46254320652102e-09,4.47368650968589e-07
Sap130,3844.55342077957,0.431185615202867,0.0724245406802959,5.99901527310485,1.98517687859427e-09,5.98559188565866e-07
Gm41361,1257.42597073946,-0.496890943737608,0.0802806461352859,-5.98453515218624,2.17008721018205e-09,6.45096628987358e-07
Stxbp2,341.222208810952,-0.659465910872602,0.108560547576486,-5.9720866739703,2.34238020436327e-09,6.86642730462378e-07
Abca17,140.05152512984,-0.612401212895381,0.1084626575297,-5.89432826607451,3.7620862487996e-09,1.08770674475568e-06
Gm42743,56.2826888100131,-0.406163635341527,0.0903651889912814,-5.85769202839202,4.69343976763669e-09,1.33864513156405e-06
Myo7a,64.9088661804017,-0.185783828620771,0.0649498840116379,-5.85452466136748,4.7837622658545e-09,1.34621448510833e-06
Cnbd2,876.353056638845,-0.493531148772725,0.0878776907139501,-5.82673713229091,5.65215341100446e-09,1.56966249858763e-06
Dnajc5b,34.9376556633157,-0.623443110440755,0.103309083409154,-5.7947368451723,6.84283918910543e-09,1.87564888214622e-06
Gm21860,45.8404681430801,-0.120403808551692,0.0530639412735584,-5.77543503464175,7.67545111524074e-09,2.0768983492086e-06
Pdzd7,383.020841983794,0.443729085716357,0.0907045433723564,5.75948425897989,8.4371326670056e-09,2.25410281101038e-06
Fam71e1,183.600862866592,-0.572011511032054,0.108150295764604,-5.72988658680831,1.00497803842688e-08,2.65138330987971e-06
Rnps1,1930.86031332978,-0.543811843962183,0.0934138798883845,-5.71681526209948,1.08539003975268e-08,2.82817804679259e-06
Hivep2,27616.398018618,0.423072413149505,0.0752245298892734,5.69390619954044,1.24165316269251e-08,3.15738935563712e-06
Cep97,977.339474641735,-0.423243307484943,0.0794077351539447,-5.69578392866699,1.22806326102959e-08,3.15738935563712e-06
Eif3j2,34.9882215331058,-0.289039054520261,0.0793840479992793,-5.67578534816419,1.38053804125914e-08,3.4687661784304e-06
Ttc39aos1,333.628192983599,-0.558123085464397,0.104610499805305,-5.6373220741634,1.72714905417169e-08,4.28861269851149e-06
Psg16,691.835332804416,-0.495151849481406,0.0893435945793474,-5.62093745275319,1.8992403021435e-08,4.66108904849311e-06
AW046200,139.114753585055,-0.558057666619395,0.104806168341278,-5.60728160804361,2.05529104222187e-08,4.98608882036032e-06
H2-T22,377.630898457205,-0.543069585497976,0.0936676293235932,-5.59556023786635,2.19910475240208e-08,5.27435283002253e-06
Gm19303,124.285468448132,-0.185744271319701,0.0660264990804849,-5.59116336790421,2.2555323621597e-08,5.34890629615085e-06
Gm35867,120.020043918006,0.303821752954841,0.106515789538366,5.58434274591819,2.34585666234807e-08,5.50129452394649e-06
Qpctl,285.907870944355,-0.456029476418789,0.0896365398455996,-5.56286129518186,2.65386826152367e-08,6.10738577700124e-06
Tgfbr3l,130.067308336865,-0.605837891228078,0.106890805305218,-5.56130496364308,2.67764813373922e-08,6.10738577700124e-06
Dsg2,433.255460816534,0.522107508070611,0.102764813235518,5.56042948519576,2.69111568871939e-08,6.10738577700124e-06
Necab3,1451.67095879963,-0.44374410225822,0.0767861978701372,-5.54710884608848,2.90431952809966e-08,6.52112425107144e-06
Gm49708,66.2206024625203,-0.61315129276693,0.108536889152439,-5.53270194400868,3.15335059554866e-08,7.00574922838421e-06
Cort,31.7079524808718,-0.494074065102997,0.100749999411889,-5.503334451879,3.72674471731538e-08,8.10893546429469e-06
AC149090.1,23324.2709136228,-0.525853944851162,0.102992026130743,-5.50412517692481,3.71005881409335e-08,8.10893546429469e-06
Tnfrsf9,81.8469142892997,-0.590390889822851,0.108239005200942,-5.47370589565934,4.40720276344219e-08,9.49167566583783e-06
Pcdha8,138.592471987643,0.465997547379185,0.106365448537301,5.43272743679366,5.54991475417773e-08,1.1831969777947e-05
Nek3,306.448027176493,-0.506959067832887,0.102307763027917,-5.40611029489531,6.44081433380598e-08,1.35939827329309e-05
Prss41,104.369337728644,0.215093606218981,0.0815345559465908,5.39803904760643,6.73732065563605e-08,1.40789989859262e-05
Zfp974,512.765841998219,-0.451668009076234,0.0852011553181831,-5.39431433856238,6.87857087653064e-08,1.42332467568682e-05
Gm3435,133.983153877827,0.410948155112939,0.0993224740416358,5.38886741284214,7.09030881409819e-08,1.45289376534327e-05
Fbxo17,123.010506106933,-0.535596133209628,0.108471330526028,-5.35174381649836,8.71106651606356e-08,1.76784394123113e-05
Gm7324,18.7070604510347,0.405563474389539,0.0966095324908421,5.33724862431027,9.43676003988454e-08,1.89687864192193e-05
Pyroxd2,46.075301837473,-0.365183171481346,0.105125806021067,-5.28450967424691,1.26041888714378e-07,2.50966047472233e-05
Mms22l,358.769782146428,0.481255828425039,0.0966434263819263,5.24908102183648,1.52859838561791e-07,3.01519603054688e-05
Mesp2,17.7508386954254,-0.363008412963668,0.0842434919262646,-5.22039596481131,1.78540981476988e-07,3.48915366208639e-05
Pgpep1l,148.335357773538,-0.545229001451283,0.107314575713234,-5.21590003915567,1.82926810151806e-07,3.54206720648075e-05
Fgf2os,78.4682174715671,-0.537989254855945,0.107982931510532,-5.2033085753746,1.9577139702046e-07,3.75631918683074e-05
Slc10a7,2159.47861034962,0.345578225749751,0.0651983870035036,5.1728402303269,2.30562151132856e-07,4.38400428991897e-05
6530437J22Rik,261.756411105625,0.41465595428132,0.108355423771077,5.17010913880938,2.33957319499162e-07,4.40884212977617e-05
Irak4,72.8504892027717,-0.549103405670704,0.107831888976357,-5.16301610113096,2.43002228940839e-07,4.53876552568615e-05
Invs,2187.04613303952,0.368058457507802,0.0752517683868739,5.16060741947168,2.46149874238148e-07,4.55722740848276e-05
Gm3468,81.4217995000367,-0.404057623754764,0.0932492867928944,-5.15406862904601,2.54894586961785e-07,4.67809143688299e-05
Gm21411,13.9038754458567,-0.390682821703304,0.090054158315095,-5.14050968506372,2.73994199684697e-07,4.98527722288381e-05
Dtd2,185.979608046228,-0.435368636239769,0.0980592242740339,-5.10390763407571,3.32710711295254e-07,6.00187373726293e-05
Gm49980,220.781406288055,-0.087883116322996,0.0468707722288089,-5.10012682200296,3.39425974573143e-07,6.07112255876335e-05
Bcl2l15,508.475636369107,-0.443653041626873,0.0896867070685047,-5.090963930115,3.56247797610979e-07,6.31845883729187e-05
Steap3,81.9058153914796,-0.484089258757234,0.10868203909811,-5.0789174313867,3.79591627154898e-07,6.67638406894272e-05
Josd2,838.412116275742,-0.507360640689131,0.107898281141582,-5.06162415751987,4.15699889909027e-07,7.25104287307431e-05
Gm37229,177.186245433975,-0.507084081534713,0.108599316580553,-5.05343705479323,4.33929368936592e-07,7.44594574046805e-05
Gm15510,82.4678874172758,-0.504686990433351,0.10866846967326,-5.05433456185023,4.31893943510678e-07,7.44594574046805e-05
Haus7,266.934299016564,-0.479624025477342,0.107636128625308,-5.02800708060868,4.95603580610712e-07,8.43565255836264e-05
Rab11fip2,3445.66093849892,-0.345879849709491,0.0732856015611434,-5.01572321261002,5.28343448998091e-07,8.92097346764296e-05
Trub1,1367.98736553001,0.363388644888881,0.0815762667880457,4.96944648078575,6.71442999050334e-07,0.000112472031253622
Efcab12,279.395496464576,-0.514253073905407,0.101633227503702,-4.95468155517181,7.24488421923483e-07,0.000120401989237142
Gm3636,42.5904738957268,-0.339720558964593,0.086073610454562,-4.94745732272567,7.51891820278426e-07,0.000123979912178097
Itpr2,844.800229468191,-0.434556298279789,0.0892930735328848,-4.940275197959,7.80123875873798e-07,0.000127637942048003
Gm20186,14.2274316002577,-0.363509183690045,0.0849708841887701,-4.93712781893747,7.92815123782954e-07,0.000128530799925677
Blnk,159.332787031247,-0.442743756165435,0.105313745773997,-4.93591448847932,7.97760579468573e-07,0.000128530799925677
Dmpk,520.189396038257,0.427507963973793,0.0967784273953429,4.9224753959252,8.54563113703549e-07,0.000136639462710811
Sbsn,172.89505476308,-0.492918331063771,0.107006630534937,-4.91514119110652,8.87184975556564e-07,0.000140788918000728
1700064H15Rik,72.955394410177,-0.580338660056495,0.108671879224935,-4.9071838507713,9.23934172090831e-07,0.000143386431148155
9030624G23Rik,83.1166687017326,-0.427124180118123,0.107464407535733,-4.90998977570637,9.10811416915739e-07,0.000143386431148155
Amdhd2,459.785433937926,-0.452433906083724,0.0912142395779188,-4.90748045933049,9.22538434718552e-07,0.000143386431148155
Gm15169,71.6816743951985,-0.304450732397057,0.107717118700666,-4.89682168511765,9.73991450712074e-07,0.00015005155882284
Letm2,2604.00144191577,-0.368659220985919,0.0768821010888111,-4.86074946216019,1.1694217686811e-06,0.000178853738041909
Sirt2,1481.93750274417,-0.333969343165686,0.0709367417776602,-4.85115318384781,1.22745695958216e-06,0.000186379184093101
A930015D03Rik,2689.41125880652,-0.602193689069363,0.106500385174611,-4.84551418045696,1.26284191083317e-06,0.000190382438357463
Nfs1,1518.62007805726,-0.399814720797127,0.0869964023257194,-4.84324472105107,1.27735802786373e-06,0.000191205096000652
Gm35101,16.4732669134206,0.396988559540457,0.0895097848326472,4.82119830477688,1.42698412193046e-06,0.000212098076601861
2410018L13Rik,97.5621775956116,-0.361472305850757,0.105133026818006,-4.80791661973991,1.52511346805169e-06,0.000225098215781112
Shisa4,1144.03268223803,-0.456678706645812,0.0977833822192524,-4.7806497563584,1.74729542621183e-06,0.000256100119900187
Gm13067,94.7700128353941,-0.473565836663756,0.108533975020727,-4.76193499489286,1.91745453571756e-06,0.000279102037454171
Exd1,242.958109557146,-0.440688200976689,0.107662963846899,-4.7585168435659,1.95020621399767e-06,0.000281925016113938
BC018473,61.0186310451881,-0.623714600786721,0.108585659230498,-4.75639515062623,1.97080524028981e-06,0.000282964730622836
B930018H19Rik,162.355880743441,0.394843277942626,0.1052305246471,4.7435518273471,2.1000318348176e-06,0.000297471623527921
Pcdhga2,44.1220677902985,-0.552163969379798,0.107319608125563,-4.74471900641211,2.08795970130317e-06,0.000297471623527921
Slc15a2,533.49574904663,0.305176556901002,0.0992166198400131,4.71733442630625,2.38954726813653e-06,0.000336225230941931
Acap3,1507.76268767769,-0.432317724357478,0.0953923778666821,-4.70485433702266,2.5404727362379e-06,0.000355094156099583
Grwd1,91.2391125147881,-0.466846028457287,0.108339785927479,-4.69957538138445,2.60702980184452e-06,0.000361999809195595
Gm8797,18.2044955979031,-0.316762557287624,0.0880868882690808,-4.67123282640704,2.99397341096101e-06,0.000413011783083288
Dars,2138.48581254735,0.332578288739486,0.0734804854318713,4.65518397847615,3.23691537795416e-06,0.000443625558227926
Gm49289,16.5814077125285,-0.36523013095105,0.0924207015858538,-4.65213937068937,3.28508920084892e-06,0.000447323178536241
Gm48913,59.031914211974,0.360094647276003,0.10778191312074,4.63549367126049,3.56086619961479e-06,0.000481766935955576
Sfxn2,1064.11141755373,0.361322351028489,0.100504875542821,4.63014263175594,3.65413936484678e-06,0.000491237359455135
Zfp112,790.511079474344,-0.387667743677938,0.0883492170906401,-4.61885977371264,3.85854496073376e-06,0.000515433227476246
Dnah6,98.8667323230172,-0.350550022740441,0.0970127606809453,-4.60947071543984,4.03695389138971e-06,0.000532524680197945
Olfr671,13.6172437245422,-0.370915079098219,0.0892292189278397,-4.61045437168288,4.01789823643013e-06,0.000532524680197945
5430431A17Rik,55.7080841422296,-0.365625591636369,0.104664458383549,-4.60649921356121,4.09504609356021e-06,0.00053683256428995
Cftr,402.569839681858,-0.457652052484967,0.0950911013291113,-4.60316895170935,4.16110395277733e-06,0.000542125061897027
Mettl7a2,12.9178764425629,-0.408656144514854,0.0859798057782293,-4.59748176271642,4.27628045829834e-06,0.000553712732226042
Rtn1,17300.5921818392,0.296019415789861,0.0667417408473012,4.58109022293269,4.6255822063394e-06,0.000595289866140241
Lyplal1,345.099767851845,-0.468082963978116,0.101539333852562,-4.57964761296563,4.65759978790159e-06,0.00059577758256637
Irf3,813.824227551007,-0.387563682618377,0.0969665190270569,-4.57000564050788,4.87711088095117e-06,0.000620098206345515
Caskin1,2092.84621345227,-0.383366686911356,0.0879073266620281,-4.56386570473765,5.02202104009131e-06,0.000634699257917169
Noct,1148.55569185207,0.48535323479683,0.101202578344325,4.5541479531905,5.25983285985628e-06,0.000657043776299917
Gm5820,1022.33916666695,-0.466271936771928,0.0991974376240038,-4.55409802595784,5.2610820711971e-06,0.000657043776299917
Prkd3,202.945328897884,0.395455324081057,0.102606199709996,4.52371572751766,6.07633247114463e-06,0.000754394547858697
Pbk,8.58550046586423,-0.311352280271287,0.0793174906871363,-4.50593628933475,6.60809136627264e-06,0.000815616236120177
Zfp950,6546.84259253429,0.338698879865425,0.0817628830418062,4.50449717034423,6.65302843747487e-06,0.000816388477914794
Papln,29.5480895188386,-0.365760253321359,0.103162414125424,-4.48504546448931,7.28983892017432e-06,0.000889360348261267
Ppm1n,43.5519199872867,0.397053317960511,0.106881244482482,4.45661793658553,8.32628031644966e-06,0.0010099682319482
Prss32,12.9461635985613,0.253975992575222,0.089050770273226,4.45418291476262,8.42132841885686e-06,0.00101566032919082
Kirrel2,20.9700422165721,0.321994414082002,0.0960465437740737,4.4465256685038,8.72702434743018e-06,0.00104063602190317
Dpysl4,1062.30124022273,-0.347042909288662,0.0832803226490726,-4.4472261094536,8.69862626027653e-06,0.00104063602190317
Gssos1,104.859407593949,-0.443457214983683,0.108280489241025,-4.4424596257135,8.8936325423722e-06,0.00105454499123206
Dgki,48615.3170531138,0.37802186807342,0.0872884648150856,4.42111682310515,9.81920656046995e-06,0.00115778867969429
L3hypdh,153.993781465134,-0.360201597585547,0.10195222870155,-4.41603577762736,1.00527452864802e-05,0.00117874023342473
Gm15494,663.161461978821,0.387006712788757,0.0976514583074306,4.41219508862024,1.02327845246842e-05,0.00119322182418776
Trim43b,35.8848421085759,-0.273952761178639,0.0853376909641357,-4.39004642398348,1.13326464207412e-05,0.00131421338107782
Gm49975,15.0226995398205,-0.26713995052693,0.0866121436386504,-4.38817332799974,1.14306664454628e-05,0.00131833686337671
Arsj,1091.31333983318,0.433100505913406,0.106731009508008,4.38488877797295,1.16045054709504e-05,0.00133111245907543
Dennd3,387.781218079674,0.398348898901078,0.0914955934446994,4.38013880302167,1.18603735776904e-05,0.00135310834989585
Npnt,534.461914544563,0.49825264993087,0.101967435041646,4.36975845822302,1.24384042774539e-05,0.00141142451978463
Gm8281,48.8012242136373,-0.340064883612664,0.0956416928860095,-4.36592106920058,1.26588188932306e-05,0.00142875417946805
Gm13093,39.2662489450971,-0.419061110515621,0.106300397146337,-4.35986102973301,1.30145068994417e-05,0.00146108607776392
Gm16275,47.7290492270441,-0.402578233183159,0.101755683981933,-4.35353514879042,1.33959605571927e-05,0.00149595314031804
Apc,17732.0148176042,0.297380989574833,0.0691764866491788,4.34235827790646,1.4096141387574e-05,0.00156585873750599
E330013P04Rik,52.6733560528193,-0.366056530554095,0.108045339703118,-4.33557019819921,1.45382767967487e-05,0.00160651764435696
Xpnpep1,1761.90106194213,0.345556575135283,0.102841970802274,4.30768981756826,1.64968507280904e-05,0.00181345068472436
Spsb3,344.917995809042,-0.432586573548905,0.0977455022778893,-4.30456889472108,1.67311220763237e-05,0.00182967389918595
Tyrp1,32.1322307873463,-0.406059029078916,0.0981142326483841,-4.30036691249667,1.70515551479047e-05,0.00185510372655503
Gm47501,19.2561784236063,-0.278720744155616,0.076782161511404,-4.29911160840591,1.71484105674307e-05,0.00185607360736509
Tpcn2,207.709632427109,-0.414655373819744,0.108149093475481,-4.29773158813631,1.72554936130859e-05,0.00185813493978465
Cers4,4320.50949574793,-0.331662737353005,0.0800474016865192,-4.28742778995543,1.80753987780267e-05,0.00193654500816767
Mios,1343.90797146815,-0.300894145516635,0.0695221327050573,-4.27817015270278,1.88435959842727e-05,0.00200865119618212
Gm13212,14.0768198365606,-0.327434941704987,0.0866541913393608,-4.25980727502077,2.04603245406115e-05,0.00217002818971933
Gm34299,306.625846566694,-0.305979921278927,0.108433870833614,-4.25812901875208,2.06144969777467e-05,0.00217544786606161
Spata13,287.531613116617,0.438093064042997,0.102516972357949,4.2553186053506,2.087515456607e-05,0.00219199508592773
BC024063,316.102481021224,-0.387234160320901,0.0911640743951427,-4.25022421351259,2.13556634158925e-05,0.00223134966364271
Zfp995,458.856257818123,-0.394756188641093,0.0902711304209171,-4.24886930819828,2.1485221362725e-05,0.00223382799055011
Ppp2r3d,505.000376393609,-0.378618520847214,0.0956835626612203,-4.24616076014847,2.17464628316805e-05,0.00224990610061495
Aldh7a1,1638.56027697,-0.238824327590054,0.0573668127228818,-4.2409553644434,2.22570399121123e-05,0.00229149797260996
St6galnac1,13.638143131969,-0.423628877589691,0.0885480331588039,-4.23398579585583,2.29585451680204e-05,0.00235224783648659
Tex45,22.0787147568165,-0.437962691772073,0.102260946740945,-4.22630340559616,2.37561631859954e-05,0.00242221053238463
9330185C12Rik,1095.19238375888,-0.438242181082809,0.108410512693056,-4.2047312298646,2.61392586884687e-05,0.00265238073980202
Ccdc73,501.879690990065,0.392972175565514,0.0955599973134431,4.20151673033588,2.65132649213627e-05,0.00267745918387695
Gas6,2221.02604799603,-0.347351016951595,0.0828990155153652,-4.20040628700007,2.66436432702059e-05,0.00267781302314745
Adam32,348.085232912107,-0.411093474844748,0.0998220965700563,-4.19818268219145,2.69065541762986e-05,0.00267872515304226
Itgae,117.761476671974,-0.438533997698633,0.106509851278581,-4.19908723418581,2.679930696834e-05,0.00267872515304226
Aldob,257.072217038237,0.360883750618233,0.0996214809404112,4.19232191301366,2.7611381538753e-05,0.00272320476054636
0610005C13Rik,98.7821562832881,0.367507613407322,0.107860970092921,4.19315686771306,2.75099067804044e-05,0.00272320476054636
Kif17,1394.69302364712,-0.285776265207383,0.0703843804477923,-4.18542453724002,2.84633619823191e-05,0.00279417543255269
Ntn3,262.988986058813,0.406446601715998,0.0998868220409586,4.16728917702808,3.08243367383734e-05,0.00301193727407458
5430402O13Rik,294.300344706447,-0.429385894533479,0.101474309661599,-4.16045368318942,3.17616027019473e-05,0.00308921837155437
1700110I01Rik,24.2240598634748,-0.226153982888181,0.0736687543359969,-4.15197772237802,3.29614354539568e-05,0.00319121126922575
Nav1,9281.71656288098,-0.303962572069291,0.0776126529024287,-4.14983820130719,3.32710369123748e-05,0.00320647719211225
Tekt1,52.3326201175817,-0.406407754653248,0.108374700069628,-4.14021976536523,3.46973250067715e-05,0.00331367303888199
Zfp760,420.768425592226,0.394779452634304,0.0973843552733494,4.14124867026298,3.45420224774369e-05,0.00331367303888199
Slc25a31,24.9774466219342,-0.432449379156718,0.0993564317257415,-4.12306468586689,3.73864652966408e-05,0.00355440872320226
Arntl2,1293.10208381462,0.309496929514984,0.0824954584567187,4.11284125902713,3.90819131279374e-05,0.00369893658510425
Ccdc65,262.888318362761,-0.381900694096915,0.0899882114672249,-4.11034061319197,3.95075907776654e-05,0.00372253219175627
Timm44,1911.31861637652,-0.377920985821216,0.0881484138790179,-4.10784750369612,3.99363635256084e-05,0.00374620839365107
Scp2,710.617313804796,-0.382353776761317,0.0971702437468785,-4.09578644524841,4.20737644048266e-05,0.00392924279437288
Tmc7,567.469533383176,-0.396012126733439,0.106832372102231,-4.08759215722493,4.35873548824816e-05,0.0040526639301747
Senp7,6923.02183650287,0.22024042046363,0.0537964665568127,4.08445101177977,4.41811456347289e-05,0.00407199676753969
9030025P20Rik,298.795476047243,0.230642167417397,0.0957679003795254,4.08483989962469,4.41072177001685e-05,0.00407199676753969
4732419C18Rik,70.9127899258151,-0.458710428172358,0.108170585529296,-4.07270998385496,4.64692728136524e-05,0.00425094978573175
Parp16,460.783865728151,-0.338699893641336,0.0883229626122785,-4.07242790255705,4.65256041175037e-05,0.00425094978573175
Gm3164,61.381982317384,-0.342544295690805,0.0967371892715257,-4.05809538836652,4.94745605837622e-05,0.0045009054986245
Rps2,1317.09380318705,-0.424590408563243,0.103597980912532,-4.0473724739936,5.17957846137727e-05,0.00469185334788964
Gm38534,18.8069725678021,-0.387898126077202,0.0969879909594648,-4.04295435345072,5.27818992067646e-05,0.0047607468575127
Gm33732,21.4621003422175,-0.357555272642187,0.103270831700528,-4.03363303808633,5.49210632309256e-05,0.00493261259809326
Mcm6,58.8218251124685,-0.3657181512948,0.106628558551814,-4.02557842587146,5.68354336623887e-05,0.00508291806304397
Map2k7,566.676515833325,-0.373978702910072,0.0940028179327963,-4.02394045991586,5.72323921932137e-05,0.00509682223472561
Blvrb,162.850606790756,0.340319337063428,0.0974869366803456,4.02242476649768,5.76020562081536e-05,0.00510818906861047
Bin3,982.628682306461,-0.259615650605545,0.0652297351376498,-4.01603491269476,5.91854916940855e-05,0.00522664848408104
Gm12860,15.3163906112849,-0.368648177241608,0.0915654532665197,-4.01480412556277,5.94951833400514e-05,0.00523210558156302
Galt,314.238198361936,-0.391563466550088,0.104125485859164,-3.99324475785095,6.51752307754954e-05,0.00570783577073696
Gm19345,22.588791373615,-0.357047779101199,0.104811249991538,-3.99138311198851,6.56890631300415e-05,0.00572906349761428
Gm26802,5.58185621255966,-0.222800317604016,0.0699854452317686,-3.98295109864316,6.80647648872554e-05,0.00590621982501142
Myom1,144.533865483495,-0.383851455888522,0.106674837515422,-3.98220099357616,6.82799979770106e-05,0.00590621982501142
Gm49756,16.4197245260801,-0.256270451266192,0.082442842737534,-3.98042188189781,6.87930693501497e-05,0.00592631233348677
Nanos2,31.5562240494598,-0.354965170803665,0.106642609444732,-3.97912450649789,6.91695121869842e-05,0.00593451920414019
Gm31508,695.035351937077,-0.305297797302178,0.103845485109066,-3.97642514691927,6.99590059796828e-05,0.00597795457573759
Fam45a,1576.24385537914,0.273464388102787,0.0712880574168509,3.97531415878381,7.02864116716256e-05,0.00598171372879568
Brcc3,1323.18314348118,0.31856064920224,0.0802313116832999,3.949200024864,7.84128084248337e-05,0.00664650897435558
Galnt11,3247.59953944106,0.288239461082502,0.0780953851862708,3.94594528189053,7.94857658079446e-05,0.00668710506924369
5730507C01Rik,28.448752305061,-0.246246993850512,0.0936797207615749,-3.94582581141661,7.952541326543e-05,0.00668710506924369
Map3k7,2717.28253973418,-0.319274562748554,0.0825738222240667,-3.93970701983642,8.15811776364765e-05,0.00683274736188679
Fut2,36.3788636287071,-0.361569539932635,0.0992193859612072,-3.93579120155639,8.29230467244456e-05,0.00691768309947094
Ahcyl2,16076.8639382988,0.340837377526181,0.0849515846757584,3.93185908069217,8.42914739523085e-05,0.00700415688676151
Wdr76,511.419114293331,-0.324841875998405,0.0861900356943707,-3.9281904067773,8.55874382501627e-05,0.0070839547910115
Sdsl,275.087077061008,-0.363322916930394,0.102742247583958,-3.92599775875792,8.63709594204505e-05,0.00712088074034386
Cntfr,1169.96864427503,-0.298874479856241,0.0800694486924188,-3.92345939953185,8.72864808401353e-05,0.00716835978448209
Tph2,27.314580525066,-0.203524044522375,0.0780601131956819,-3.91804167484054,8.92712746698762e-05,0.0073029438883039
Gm45680,8.87280649314848,-0.314287036308399,0.0834285915054714,-3.91341363774302,9.10004558734274e-05,0.00741565877090563
Masp2,176.996811302384,-0.393525179390659,0.108493711690602,-3.90372551220647,9.47232059492275e-05,0.00768933840293999
Rnf207,1518.4027401242,-0.347916098830119,0.0854402818104454,-3.89858746757852,9.67554511093228e-05,0.00782421667093244
Lgr6,234.142977117069,0.215435783669534,0.0650437397908896,3.89697843815033,9.74002870443258e-05,0.00784629945937992
Gm48693,159.901828064279,-0.280271648352689,0.100008334879562,-3.89410998495823,9.85599267531546e-05,0.00790952781008396
4921511C10Rik,1481.87092529317,0.320363657285688,0.100049306045167,3.88882969222382,0.00010072876822965,0.00805295978126895
Zfp991,77.8219302258685,0.361734170214215,0.107611993984327,3.88625572542689,0.000101802265585797,0.00810807025454274
Pou6f1,1473.44803178369,0.354561278002388,0.0909034961404673,3.8842655480959,0.000102639680923718,0.00814403423148872
Ttc23,180.161018036167,-0.384449337594576,0.10402471634701,-3.88309325766434,0.000103135988887365,0.00815276472455703
Trp53bp1,5575.12345106641,0.251901400428491,0.0647319594344484,3.87827613710815,0.000105199269021105,0.0081931209297396
Gm26852,71.6870025086052,0.335487362921233,0.108057665188324,3.88097939891389,0.000104036654326418,0.0081931209297396
AC159140.1,30.3405730723256,-0.268946171057451,0.102007736683721,-3.87975355654762,0.000104562352029383,0.0081931209297396
Rsf1os1,1329.10233132257,0.331186679339179,0.103482944535776,3.87845935856522,0.000105120083669963,0.0081931209297396
Gipr,37.6740851443884,-0.373652234464942,0.104592765161758,-3.8765620344333,0.000105942808053076,0.00822069451017728
Zdhhc18,1639.03093866718,-0.324254220978499,0.0829336763938179,-3.87262093686141,0.000107671219349096,0.00832420789590486
4933408B17Rik,334.377104792368,-0.361511726458949,0.0967080216298276,-3.87042729991009,0.000108644753967751,0.0083688181651217
Lcmt2,208.824975761406,0.261830973635467,0.105870411801264,3.86418458980083,0.000111460911428196,0.00852352897320114
Lgi3,1695.28256998848,-0.324780957412678,0.0910279384692472,-3.86420933265497,0.000111449614943652,0.00852352897320114
Gm4876,1702.14838812118,-0.368430369306053,0.098163273241108,-3.86104419596231,0.000112903476589022,0.00860267428479386
3110009E18Rik,266.85622886977,0.324299845427223,0.0938753191006006,3.85895379676131,0.000113873461643004,0.00864537151596128
Sord,435.315759395639,-0.361649046289985,0.103623439319641,-3.85572766679568,0.000115385886835923,0.00869762331271065
Gm26713,217.510099388195,-0.35822229902131,0.108284402070271,-3.85594607731985,0.000115282899977472,0.00869762331271065
Gm34121,41.4496244741991,-0.325698415910554,0.107493525474532,-3.85435380976272,0.00011603569220459,0.00871547800594336
Klhl42,572.266940879724,-0.301449171194923,0.0898385585428842,-3.84879782981796,0.000118698918784992,0.00888389851019869
Oprm1,3695.34548871577,-0.342024662998775,0.0915084238879893,-3.84017262134224,0.000122947828658009,0.00916938823906695
Ccl25,2678.42493843677,0.264971118224919,0.0686757230474253,3.83037474498819,0.000127948250679015,0.00950871753109607
Sult2b1,105.571514740843,-0.431783326738748,0.108538160402496,-3.82886495266148,0.000128735620869329,0.00953366320725635
Timp4,723.526248542522,-0.374050680821943,0.103456949629406,-3.81644749352659,0.000135386869220233,0.0099911722439239
1700057H15Rik,50.8129054910344,-0.275941268484489,0.0861459103267676,-3.80668819988928,0.000140840125490318,0.0103422881328149
Fgfr1op2,1477.78059118601,0.286552605581453,0.0809374524149885,3.80580973428375,0.000141341009980411,0.0103422881328149
Klk1b22,89.0965808916541,0.00249799621339754,0.0310901275952295,3.80533084991831,0.000141614766909102,0.0103422881328149
Kdm8,264.699398196046,-0.375442932463874,0.0997711808723542,-3.8026044691533,0.000143182856603552,0.0104207495568088
Nek10,1398.08534834341,0.380266693236257,0.0973406726473466,3.80106385263911,0.000144076164859354,0.0104497303626169
Sh3bp5l,715.649116102119,-0.283879464167175,0.0784579962301248,-3.79660680091192,0.000146690180564571,0.0106028868184789
Camsap2,4373.60956299416,0.219165592857843,0.0581381451287662,3.79109993623708,0.000149981585794495,0.0108037930026574
Kras,2617.63316083321,0.29176002447619,0.0779968705252876,3.78768624980822,0.00015205669374752,0.0109160155722285
Pign,2256.61961141241,-0.2496819774608,0.0670097486852714,-3.78162387252373,0.000155808657527832,0.0111097889384541
Lrpprc,5244.67262529281,0.185540552840135,0.0489429770111998,3.78244134139516,0.000155297697276572,0.0111097889384541
Cyp4f18,45.9462697871227,-0.3165111948383,0.0880144259562663,-3.77368109579412,0.000160856357015996,0.0114310918221535
Tmem163,9383.69735564481,-0.28497019734459,0.085329385142511,-3.77224652339352,0.000161784289719257,0.0114346106995572
Gm31371,37.036261485699,-0.336837553210474,0.103818556952401,-3.77130078285256,0.000162398780813305,0.0114346106995572
Gm4924,2499.59869297603,-0.35930750138815,0.0885158898188887,-3.77109744404651,0.000162531185912402,0.0114346106995572
Ceacam20,10.8076641002133,0.210041727013638,0.0892019015890473,3.76706005985107,0.000165181273210984,0.0115440925575862
Cars2,744.26385700809,-0.345823304283334,0.089736631453363,-3.76779175716579,0.000164697999995832,0.0115440925575862
Rgs7,43831.1734044689,0.266064004898286,0.0723102511814334,3.76246420945208,0.000168247391510032,0.011719569126108
Pla2g4e,1769.33264065735,-0.353675637086993,0.105880913584047,-3.76072865839526,0.000169419127833428,0.0117623687896458
Mtf2,6167.91378872618,0.193624876383997,0.0517847417436455,3.75219804867653,0.000175290897444282,0.0121301301031443
Gm816,108.497016119161,0.230003479932903,0.10677907580289,3.75052128075513,0.000176467326792495,0.0121716320237987
C330013E15Rik,63.2131693388016,-0.384203542507482,0.107405018676467,-3.7464922422818,0.000179324546548283,0.0123284165454334
Guca1b,29.1991921083805,-0.0876985808793245,0.0464042787090421,-3.7448731467997,0.000180484945157152,0.0123679066639183
Ush1c,42.0220077687097,0.164267758067002,0.0931077639520026,3.73342399192164,0.000188894215683131,0.012864058203876
Rmnd1,2213.71525115778,-0.288863047648091,0.0775107383377052,-3.7333572713595,0.000188944283293925,0.012864058203876
Gm49762,14.8151074780121,-0.356679547437284,0.0829966121450927,-3.72027144419346,0.000199008769471996,0.0135057205417233
Stard9,3435.80271924492,-0.302710511178482,0.0843814661090079,-3.71945159299482,0.0001996558056994,0.0135062033176011
9330154J02Rik,206.140454750125,-0.305223613444012,0.105569033317036,-3.71850770494288,0.000200403180767252,0.0135134489880946
D830030K20Rik,110.360856181719,-0.234217482036503,0.0820279498206166,-3.71497740256286,0.000203221854600773,0.0136598740866367
Rgs4,594.548545516758,-0.348000827091136,0.103575901039697,-3.71025970946412,0.000207046735922719,0.0138543151811613
Gm12781,57.0523319993692,-0.423222515292263,0.108389734410873,-3.70979462679385,0.000207427442302992,0.0138543151811613
Smim38,10.2496642294168,-0.137477763247881,0.0595041367504674,-3.70044057537811,0.000215225476419467,0.0143067832386231
Adgb,119.285887428759,0.310857871031059,0.107893481237855,3.70004937645346,0.000215557522499865,0.0143067832386231
9430014N10Rik,74.7826526945449,-0.353355564447259,0.106003976194073,-3.69777469584464,0.000217497800352212,0.0143903090101373
Prkcq,534.644122370721,-0.501702614909987,0.108350311445303,-3.69421944860223,0.000220563261529389,0.0145022062237984
Depdc1a,9.2732545157229,-0.144041791936739,0.0612313870193254,-3.69436192558976,0.000220439636553827,0.0145022062237984
Gm49692,412.981153576152,0.304862500235987,0.108216243494677,3.6862344633049,0.000227596680265922,0.014918184887244
Adi1,120.979096046779,-0.33877307606999,0.106111330091136,-3.67021484623664,0.000242346688302743,0.0158358179669279
Kcnt2,9564.88082717469,0.34711890905989,0.0945989466650938,3.65668056347451,0.000255502453904376,0.0165927224372485
Pkmyt1,45.1022174840758,-0.347766919816684,0.102439350018076,-3.65686289938224,0.000255320850569762,0.0165927224372485
Nfkbib,186.973668137134,0.318911588273538,0.104733838994003,3.65250055356425,0.000259699036238046,0.0167621035438538
Gm1976,4096.85363309399,-0.349611007150234,0.0971427335075399,-3.65308952826836,0.000259103839778712,0.0167621035438538
4930590L20Rik,636.760715948884,0.294826008136118,0.091655105698671,3.64759026371238,0.000264711329446245,0.017033528412477
Zfp61,520.544300306145,-0.274180873265656,0.0796205451573845,-3.64503698085414,0.000267353354467973,0.017151245894836
Gm26554,9.82822401913151,0.226877335057623,0.0866048685450607,3.6415283148173,0.000271024309719572,0.0173340578210342
Ltbp1,463.434998896574,-0.374641971020339,0.107725727093215,-3.63964102718361,0.000273018380276311,0.0173967584089573
Mkx,3337.02700751498,0.279008220528112,0.0729499589507608,3.63904294171491,0.000273653169325018,0.0173967584089573
Igsf23,8.71083639861463,0.177837131351344,0.083557220281707,3.63244702582726,0.000280746222894748,0.0176397955367115
Dgke,1576.31240598451,-0.223366248989331,0.0620937734145635,-3.63237992363563,0.000280819259941962,0.0176397955367115
Gm3604,149.435889218582,-0.410028100719317,0.0988619086693301,-3.63297410322105,0.00028017314683939,0.0176397955367115
Nell2,22763.3362835395,0.272458676226103,0.078198506899781,3.63344372155878,0.00027966346797214,0.0176397955367115
Mlh1,637.286284780393,0.281526998029824,0.108244533653848,3.62516518223937,0.000288776812979979,0.0180858261565443
Gm17300,92.4755030864392,-0.423547594078218,0.10846871805519,-3.62313572248553,0.000291053001596135,0.0181744516322131
Gm15445,80.5598628898911,0.356690938094565,0.106328919064705,3.62114006131163,0.000293307663194665,0.0182612139804915
Gm28403,555.310186210627,-0.344223444513066,0.102965122660613,-3.61791289451644,0.000296988307480051,0.0183549716784124
Gm11837,74.3953649611222,0.336672278226394,0.106841227330476,3.61688172140837,0.000298173470001375,0.0183549716784124
Aspdh,36.4042582663532,-0.295508761790597,0.106693637980813,-3.61677862513892,0.000298292205330022,0.0183549716784124
Tnxb,264.974547286405,0.260901620767475,0.108387401092507,3.61899592361178,0.000295748296548567,0.0183549716784124
Klhl12,1529.82219726088,-0.263614469061014,0.075182524460979,-3.61230580499305,0.000303486367763475,0.0186203002267904
Lrp8os3,373.568970676911,-0.33706401501515,0.102221339627593,-3.60910701029967,0.000307252854842421,0.0187967500124758
Lamc3,85.4478582719211,-0.397444831100933,0.103770559545808,-3.60239857732517,0.000315294431882897,0.0191775339461684
Gm45890,123.721679660543,-0.330636481323351,0.104925060464174,-3.60290863462377,0.00031467615856388,0.0191775339461684
Slc11a2,1102.7985203975,0.295125404346927,0.0786091963902797,3.60029861786084,0.000317851926992948,0.019277536698601
Gm15594,2409.75330620224,0.320479566189216,0.0959758770981826,3.59945544971321,0.000318884256673457,0.0192847310067335
Ptprh,18.5011520417379,-0.314876299187343,0.100515566126311,-3.59602327107237,0.000323118907044886,0.0194849932916839
Igfals,33.9614272426108,-0.33540695751069,0.104427945863257,-3.59194304065024,0.00032822159878772,0.0197363107236855
Gm42825,22.0569301302941,-0.180071332101855,0.0681852000665552,-3.5910552371944,0.000329341820239624,0.0197381298918354
Gm16302,29.188745072702,0.257577469658559,0.0991860386805982,3.59043840911378,0.00033012223310044,0.0197381298918354
Cep250,1538.29736888764,-0.275590064607195,0.0831074962569169,-3.58842926986875,0.000332676217565913,0.0197643224351997
Hif3a,89.2200625997124,0.206913907964561,0.107827693242457,3.58808324960687,0.000333117934751865,0.0197643224351997
Gm15902,299.463144038526,0.383392424646573,0.10495461209341,3.58788629859939,0.000333369600442107,0.0197643224351997
9330158H04Rik,851.942655237522,0.364152026477705,0.0920659352185625,3.58561408743776,0.000336285946383064,0.0198258412970976
D830036C21Rik,215.427134689482,0.293175585170914,0.100857647801008,3.5863299043386,0.000335364641504819,0.0198258412970976
Pcbp4,2005.30292991797,-0.299591962207004,0.0918657446693554,-3.58214748803167,0.000340781295001372,0.0200349025412227
Col5a3,99.7832103512096,-0.467313155049153,0.104598406081322,-3.5791658645797,0.000344692654936549,0.0202085643752522
Emid1,176.470306048065,-0.345099296080209,0.101326382280858,-3.57712126151729,0.000347399040414079,0.0203108148115777
Ctso,198.465418955136,-0.442821957386265,0.0978610146441107,-3.57299745531108,0.000352918191939522,0.0205764954670595
Tomm20l,325.518781193049,0.261527432863559,0.102086328438899,3.56721117361513,0.000360800713085048,0.0209781263095675
Ctsk,174.726593083402,-0.333967845422382,0.108530963172026,-3.56028941982515,0.000370446279490699,0.0210744991238024
Gm12666,4.55790475917823,-0.088358777855069,0.0462713227405141,-3.56184387345609,0.000368259365545377,0.0210744991238024
1700047F07Rik,109.660375718286,0.269108783867112,0.108209847426675,3.56122020131673,0.000369135337172823,0.0210744991238024
Snrpn,7499.75748244154,0.317814401912728,0.083521728276776,3.560904380182,0.000369579662796179,0.0210744991238024
Slx1b,617.008898629997,-0.313994841361626,0.0930130065719075,-3.56218630929844,0.000367779228033297,0.0210744991238024
Upb1,58.8687422322313,-0.342425865298447,0.108584179438523,-3.56286013439921,0.000366836150143347,0.0210744991238024
Gm26760,429.892699099612,-0.364765465878285,0.108523442923897,-3.5646750976602,0.000364307183071525,0.0210744991238024
Zfp40,1199.13513670094,-0.372835403289876,0.103149564968509,-3.56126266009418,0.000369075640437964,0.0210744991238024
Hal,14.0995647653252,-0.268054877794534,0.0839626636807675,-3.55485696505226,0.000378184763914196,0.0214569022235834
Gm47357,11.2761009099841,-0.199665420690102,0.07870332700749,-3.55136358096555,0.000383240606134735,0.0216854590699188
Gm28153,365.443462089794,-0.329951084344356,0.106940389768258,-3.54243846904494,0.000396445899866567,0.0223726929480849
St6galnac2,99.2455642925762,-0.438554874642888,0.106978881669086,-3.53523054876399,0.000407419522943272,0.0229306572033085
Gtf2h4,322.270654790521,-0.42050219427486,0.104557133384884,-3.53030196687007,0.000415085623837191,0.023299992491244
Btbd9,20754.8437960005,0.322607454985537,0.101704609113916,3.52708936062218,0.000420154934428115,0.0235219895120419
Anxa9,90.1040781267946,-0.35290065685309,0.107446433119678,-3.52495390280178,0.000423556490123648,0.0236496912183855
Gm45609,169.960048396332,-0.32834177001711,0.103925187046673,-3.51981920462267,0.000431841053965801,0.0239224075721843
Gm12426,70.0853410909194,-0.291240872863325,0.108491928819607,-3.52036245051924,0.000430957452248697,0.0239224075721843
Gm31182,37.2047038001346,-0.404118169287873,0.103418002474245,-3.52057838741631,0.000430606695070206,0.0239224075721843
Tsr3,646.257398726563,-0.352626603582684,0.102201687663357,-3.51674927684863,0.000436866229723965,0.0241374310066859
Begain,1511.65118483477,-0.243917951426981,0.0789106034566998,-3.51411073517405,0.00044122883546594,0.0243148193246583
Cage1,464.574509477355,0.328745530680233,0.0999148143556058,3.51234006523147,0.000444179253968027,0.0244136649329406
Pde6h,148.404087877261,0.168614997411072,0.108079476904775,3.51092923926326,0.000446543244812456,0.024479848636394
Slc6a17,5737.13824629757,0.269761330743644,0.0780906586905834,3.50346276140623,0.000459250862934415,0.0251112660960978
Mrpl33,1105.37147231236,-0.309233174598553,0.0932689256538729,-3.50131328765679,0.000462971251822309,0.0252492796924074
Xkr6,12372.3285541471,0.27148844712475,0.0725870814372928,3.4975985438171,0.000469467236617977,0.0255375657114923
Stau2,14347.3051001368,-0.221440908692954,0.0646025386586546,-3.49089028036222,0.000481413912335592,0.0260921505629907
Agtr1b,59.4064357714078,-0.353094877410649,0.108556310891621,-3.48912340826493,0.000484607363815614,0.0260921505629907
Fkrp,351.69686225661,0.287168301629691,0.101255601439688,3.489225342463,0.000484422591838548,0.0260921505629907
Bclaf1,7855.63747441686,0.183455300405093,0.0528875730176204,3.48958290694139,0.000483774968591666,0.0260921505629907
6330562C20Rik,274.124210677015,-0.298755741253178,0.0911655781064968,-3.48785465808452,0.000486912682936751,0.0260982813520566
Gm2897,64.5384221777033,-0.172243316856649,0.0700052110458501,-3.48770005324012,0.000487194297958415,0.0260982813520566
Gm3558,93.089523897703,-0.314595478697889,0.101003459980186,-3.48656710777807,0.000489262614608772,0.0261427259340069
Syt17,1561.05647437642,-0.344896890074403,0.106552105628893,-3.48464025814564,0.000492799107361546,0.0262651968686182
Mboat7,1137.32814522426,-0.233881023801988,0.0727831492066533,-3.47966569524979,0.000502039812788851,0.0266232469565867
2010001A14Rik,61.9598295526199,-0.38995101639113,0.108059503395327,-3.47996689274139,0.000501475747832213,0.0266232469565867
Cgref1,380.979516313771,-0.294327074414721,0.103410084744457,-3.47373466668903,0.000513268319103724,0.027082602857508
Magi1,20539.0942089085,-0.259950089479795,0.0758572101902597,-3.47427108870389,0.000512243227502781,0.027082602857508
1700003M07Rik,44.9795886007644,-0.397663350163921,0.102750500028574,-3.47062885947234,0.000519241137605166,0.0273206092201606
Plce1,753.574131052262,-0.32305588276563,0.10188012694249,-3.47004668970745,0.000520367900431373,0.0273206092201606
Ap3m2,1061.11597270096,-0.259445991003977,0.0760806501066894,-3.46825767217894,0.000523844739519749,0.02743490588661
Slc30a7,1579.9935483576,0.220512399620404,0.0629881100246957,3.46302201661162,0.000534144687049749,0.027905093477406
Lrp3,1012.82279525185,0.298215706816047,0.0882676258245288,3.46223933261915,0.000535700553140926,0.0279172737644257
Gm16958,56.4516559869524,0.297867893459967,0.107971446226544,3.45753037120491,0.000545150790376604,0.0282566457070765
1700048O20Rik,277.067296137724,-0.386064207171769,0.107604540220734,-3.4569979013232,0.000546229103026969,0.0282566457070765
Gm46565,41.5268977350274,-0.323159578361611,0.105363441099603,-3.45787262711016,0.000544458730229649,0.0282566457070765
Klf13,1975.6155435974,0.290831774132745,0.0869923190485229,3.45040027948412,0.000559755921920095,0.0288151426537695
Sptb,2936.87923305541,0.241577614078091,0.0686161094037616,3.45049016861153,0.000559569548033098,0.0288151426537695
Hdac1,1158.65219366727,0.279208743816976,0.0738614579528977,3.44260243345351,0.000576145624286176,0.0295866898933918
Cdh3,38.4564679895864,-0.312039292370763,0.0867872426986279,-3.4410057755943,0.000579556161903969,0.0296895930901582
Zfp933,1421.27141323972,0.366090218050205,0.108305704222861,3.43989111211223,0.000581948268238887,0.0297399519357142
Ptcra,18.9688165387283,-0.294460818333249,0.0952662529606447,-3.43784143010996,0.000586370966014499,0.0298935884268165
Ech1,152.847792408886,-0.310436478982463,0.104021873472687,-3.43570652456304,0.000591010809802341,0.0300575280763571
Gm44644,1507.0827967833,0.329951577202904,0.106517713493369,3.43003855696503,0.00060349548648464,0.030545265558141
Aaas,524.16011384488,-0.321579320128855,0.0886698103918953,-3.43008604048662,0.000603389883886171,0.030545265558141
2610044O15Rik8,715.626945291881,0.284769214099508,0.104264714452932,3.42547759871263,0.00061371954139179,0.0309884321545816
Nwd2,11484.5980631196,-0.465175385839357,0.107972106913502,-3.42223035407141,0.000621096691838327,0.0312860782289731
Gm49698,10.9513832467377,-0.150447614985709,0.082808418534258,-3.42085432506442,0.000624247599633539,0.031369928185394
Ddx43,17.8032685386062,0.158136981455732,0.0943206943325445,3.41455249705633,0.000638868807203408,0.0320284205340502
Gm48236,148.249265706527,0.257878625647556,0.100857302759252,3.41130056292229,0.000646537796292939,0.032336082295163
Rtn2,506.256222765657,0.281204063339119,0.0876538707050618,3.40679752755799,0.000657298671590203,0.0327965620864842
Nmnat3,181.249365834321,-0.409617537346763,0.10550914124589,-3.40235261860524,0.000668083779838012,0.0332560760784459
Slc9a3r2,426.834092252591,-0.278730591365241,0.0893665653792256,-3.40057175950213,0.00067245083410653,0.0333946995403586
Gm17188,20.0917815138311,-0.222939077101128,0.0787978023335876,-3.39925880213918,0.00067568747117263,0.0334766661187078
Knl1,53.913321836555,-0.23841333274692,0.0872386603971606,-3.39646371836877,0.000682626063122113,0.0337412311200359
Col11a2,194.295719655628,-0.271655983054154,0.108354927611039,-3.39217522623786,0.000693400806673197,0.0341937323029077
4931422A03Rik,56.9320466923982,-0.298599224938154,0.106522354593962,-3.39130868448324,0.000695597081195061,0.0342220792440628
Il1r1,265.828486342672,0.412953128165417,0.107081910454832,3.38987556395654,0.000699243558579425,0.0343214756915752
Gm37245,164.078733528551,0.286848168507266,0.0995501654630379,3.37879820261885,0.000728034269866161,0.0356517199531211
A230087F16Rik,318.907475635205,-0.258184864262215,0.0882418199949503,-3.37528738760854,0.000737386440380832,0.0359680290908798
Cyp2c55,31.7527118704023,-0.254763510884037,0.101378333109402,-3.37509510430869,0.000737901857118874,0.0359680290908798
Rnf123,1309.69370257196,-0.273566058344999,0.08341693548229,-3.37023140114764,0.000751050855134494,0.0365246067937065
D930048N14Rik,76.4571052511846,-0.323864113777452,0.108375773178307,-3.36873901613124,0.000755128930381432,0.036638508516392
5430403G16Rik,299.847966396155,-0.38539836110104,0.108503488837911,-3.36436276965288,0.000767206272001584,0.0371391182955629
Pdpn,14.2768805233363,-0.258993352705179,0.0962156908946681,-3.36289854410674,0.000771287042078694,0.0372512226776039
Gm47966,13.2631545513045,0.290316861492744,0.0888074887010104,3.35713908960446,0.00078753484490657,0.0379491105858403
Msi1,447.186618478253,-0.247313122865706,0.079071103315109,-3.35408933573967,0.000796266504182103,0.0381088454359807
Mcat,192.183267843645,0.351279724709714,0.105656134093385,3.35483505445838,0.000794123199135036,0.0381088454359807
2310061I04Rik,781.901331313837,-0.329335361991941,0.0937219204420552,-3.35439680398096,0.000795382145718362,0.0381088454359807
Gm44071,139.637423711956,0.381302816198216,0.108120624400899,3.3513885628586,0.000804073933773025,0.0383954399235599
Scpep1os,333.593853210895,0.330866570700362,0.103265559461329,3.33402950766316,0.00085597576614378,0.0407815451923942
Gm32856,411.854648305828,0.278378489126775,0.0975018273631718,3.33206091014458,0.000862053863706351,0.0408671226878443
Ancv1r,25.8957026570151,0.266408088282519,0.0974746535035866,3.33167122134059,0.000863261773537153,0.0408671226878443
Gm50164,6.59946121262559,-0.160942077689226,0.0723333247378939,-3.33156837788966,0.000863580816771466,0.0408671226878443
Vezt,6001.99865692373,0.222244103072618,0.065072488760167,3.32782002409639,0.000875283929486985,0.0413282832567166
Pnpla6,1618.62616505355,0.280469162235078,0.0788913255362023,3.3253918018204,0.000882943626015614,0.0415968932381374
Zfp994,344.834403175765,-0.299669939300139,0.0855761156315225,-3.32348011611583,0.000889017603471143,0.0417897673471313
Tex12,26.3373782467009,-0.306786042942122,0.0972271324680489,-3.32176737318738,0.000894492355681828,0.0419536792422682
Dgat1,1306.46686203077,-0.217557038899313,0.0665937513570035,-3.31732299856937,0.000908844813694548,0.0425323251393284
Gldc,101.270141206877,-0.365167758144145,0.105514182948715,-3.30990860925359,0.000933264376178845,0.0435784909814838
Ppp3r1,1629.99164422103,0.255501631087156,0.0779179296316078,3.30803218968613,0.000939540096742491,0.0437746871563952
Zfp286,734.200957551648,-0.271552183504132,0.0828488920314735,-3.30410332131421,0.000952807096748476,0.0442950365285756
4930513D17Rik,72.0248299474262,-0.325983503603098,0.108539767558067,-3.30233842236652,0.00095882310876406,0.0443792116964348
Zfp296,9.67629939444003,-0.216891072307849,0.0864814416490688,-3.30274017494481,0.000957450569877524,0.0443792116964348
Gpr39,61.3097041531984,0.266794493336101,0.105703314548771,3.29957606933446,0.000968309806392284,0.0445253742346744
Col9a2,227.361612813043,-0.299016311514991,0.103629063668235,-3.3005921430718,0.000964810262230831,0.0445253742346744
Wdr36,1483.59496094989,0.24766261209959,0.0759631450162595,3.29977852323384,0.000967611581660221,0.0445253742346744
Acvr1,3799.22985551504,0.273028299044468,0.0817098217050475,3.29895136131825,0.00097046724705971,0.0445275689487875
Igsf10,151.689394011985,-0.299678773445205,0.098958121701929,-3.2944792428994,0.000986042269007601,0.0450463379430182
Gm16299,116.672076529143,0.212454295918135,0.0991563826782411,3.29500250254811,0.000984208033364069,0.0450463379430182
Gm41804,900.893694666846,-0.375509264321373,0.0988269137927506,-3.29329099781045,0.000990219307146829,0.0451394572281662
Tekt2,56.6261281650283,-0.348681238979588,0.108514519725963,-3.28013915308167,0.00103755897610853,0.0469929608363662
Gm15788,528.961887611155,-0.347700205583169,0.108527327568241,-3.2810277934509,0.00103429551727222,0.0469929608363662
Lrrc56,88.0364205332672,-0.309787843021698,0.105259491832927,-3.2804819637741,0.00103629890469979,0.0469929608363662
Vmn2r53,36.167030507594,0.218317020811427,0.107215515651255,3.27651428166656,0.00105096997316146,0.0473969492597133
Zfpm2,12764.553632962,0.344225821552066,0.105770260925168,3.27696846976627,0.00104928086083867,0.0473969492597133
Tdrd7,2033.95496490002,0.208822065387399,0.0633255280126462,3.27460584328452,0.00105809493127963,0.0475266530909131
Gm26793,89.0386884154658,0.0593405063115951,0.0785871362360232,3.27453784619347,0.00105834961398319,0.0475266530909131
Pth2r,446.664667159728,0.286504911246909,0.100546855510185,3.27222277058706,0.00106705462745255,0.0478158279554429
Zfp111,173.733069702953,0.281432848605926,0.104160108249002,3.27159000538534,0.00106944541427789,0.047821429902011
Bcl2,2857.07768974062,0.271980885630247,0.0833660475388251,3.26512212312409,0.00109416890565961,0.0488235283781222
Zfp808,508.618090171017,-0.34778305491394,0.0975342383883993,-3.26197743546319,0.00110637949915449,0.0492642314539129
Gsap,265.193687535949,-0.319563519392329,0.107425124235613,-3.26021071654335,0.00111329469994619,0.0494677851306617
