gene,baseMean,log2FoldChange,lfcSE,pvalue,padj
Gm33948,170.040976986611,-3.03542189270374,0.255860237212563,1.28452985119441e-33,2.19217864404837e-29
Tnni1,242.479056131383,-2.60885957555178,0.222831678244241,8.07229691113917e-33,6.88809095427505e-29
Slpi,133.046113760235,-2.38641830537495,0.231215668425323,4.16392699952303e-26,2.368719272462e-22
7630403G23Rik,479.873734196563,-2.13488082693232,0.219274162096315,8.90407521530486e-24,3.79892369060982e-20
Sav1,403.044950897252,-1.64007997601051,0.178175287930887,1.85720242700155e-21,6.3390033238417e-18
Ston2,514.603022490267,1.08768334957934,0.120760634483715,1.0927651901897e-20,2.66416153368248e-17
9330111N05Rik,2377.69668726519,-2.02800234282024,0.224983982017698,9.9576054269654e-21,2.66416153368248e-17
4930592A05Rik,33.7145515101101,-3.56883179090351,0.397711901287248,2.59076493023881e-20,5.52674928743193e-17
Ccdc61,47.1321981633161,-3.70098036931504,0.426768173219013,2.81011281527437e-19,5.3285983672747e-16
Gm48742,520.216678866507,1.78181141104031,0.231728331844402,7.34045768531313e-16,1.25272250857554e-12
Cfap54,148.047843784837,-1.46375006796165,0.198566387301037,7.7360296101219e-15,1.20020983023946e-11
Lpcat2,202.260130020851,-2.39020222821948,0.326399511106978,9.56993608269606e-15,1.36100440989409e-11
Npsr1,251.067110301826,-4.21068877065046,0.598060173470218,6.98259752718127e-14,9.16653918452889e-11
1700063D05Rik,313.080669275137,1.33922455055247,0.192108611646674,1.59059380112352e-13,1.93212540859861e-10
Tmem117,4772.89443619747,-0.777155594417484,0.111560959127446,1.69822343425403e-13,1.93212540859861e-10
Kank1,348.395059503197,1.07194263383511,0.155501541827747,2.83827719290546e-13,3.02737741088278e-10
Gxylt1,348.30092467576,-0.828624509809742,0.121103006556951,4.14809698866976e-13,4.16420136521401e-10
Gm49906,56.2809230012157,3.46598334880063,0.523676331244012,1.54942984733306e-12,1.46903165414367e-09
BC051408,139.579399773226,-2.12753202271354,0.322760963149917,1.79754348400995e-12,1.61457247884809e-09
Tmem163,369.955838761946,-1.28144280077972,0.195881488422257,2.67113164056102e-12,2.07206966262793e-09
Gm47578,29.9379854243146,5.8416218623982,0.825320159410135,2.55737326505784e-12,2.07206966262793e-09
Gm49375,85.783981802271,-1.87300845323031,0.285648499002518,2.53096487008311e-12,2.07206966262793e-09
Galnt6,757.266617528916,-1.1695214853321,0.179188384858283,3.36562088202281e-12,2.49729069446092e-09
Aldh1a1,321.717638929734,-1.37545177551923,0.213788852977879,5.94145529586969e-12,4.22486983663801e-09
Gm15594,159.010814159048,1.50108936548948,0.236419365047524,1.16072247382772e-11,7.92355589533757e-09
Tox3,301.891955498214,1.31240337171799,0.209830528446296,1.96628871113946e-11,1.29064165939638e-08
Ninj2,1478.11701340266,-1.38120594498605,0.221956411686164,2.37447615032063e-11,1.50084481412488e-08
Gm20110,39.1570894694447,7.59130974984489,1.28088836153381,5.07513265689041e-11,3.0932933543747e-08
Gm2447,43.8807913023727,-2.21820196620025,0.363416349241011,5.26454220081323e-11,3.09809231720961e-08
Sema5a,1024.28897802855,-1.28936813820905,0.215530929690894,9.51188504306613e-11,5.41099433816555e-08
Mylk,193.458286437361,-0.0351873138187854,0.107415967825349,1.00898248292247e-10,5.55461130759833e-08
Zfp846,225.428329919648,1.00858027392649,0.168492432498037,1.09047189341834e-10,5.81562291658668e-08
Gda,99.6610524436908,1.49370731179463,0.250946642971465,1.25764553015563e-10,6.50393291443514e-08
Cttnbp2,2228.74705415401,-0.886025788387822,0.14987683642608,1.62817923653033e-10,8.17250201489018e-08
Kif21a,5349.0886087532,-0.518696597158028,0.0892340444816761,3.13233988176181e-10,1.52732892634706e-07
AC163347.1,68.8022011269441,-1.44476733667016,0.249969012261821,3.77058455995572e-10,1.78746655833901e-07
Gm49767,93.9419237264588,-1.51199062586653,0.26208282076523,4.21059342740916e-10,1.94210776843688e-07
Lrmda,2699.49246423134,-0.96392075310857,0.169460267520079,5.98427273254555e-10,2.68756838035848e-07
Gm43242,184.045484284382,-1.39723086841946,0.246314586584721,6.14871381808071e-10,2.69061410306065e-07
Mroh3,30.1480935005623,-2.33964390480144,0.409716694171029,9.14383398513976e-10,3.80606514122915e-07
Zfp58,156.82055557422,1.37356627072518,0.244808077164347,8.93059184959378e-10,3.80606514122915e-07
Nwd1,19.4496662810598,-3.92699944418194,0.713157088521092,9.67902556944031e-10,3.93291072304925e-07
Ada,51.8082933807606,-1.95754678557398,0.353169355844744,1.41264205501615e-09,5.49932201217592e-07
Hdac11,599.983914056574,-0.726044269559719,0.130774779551195,1.41784934100399e-09,5.49932201217592e-07
Gm42756,726.198144062675,-1.04305516623792,0.189466696798876,1.71637161519969e-09,6.5092439966662e-07
Mettl7a2,22.3937230217141,-6.9877645599948,1.33753676765403,1.89177682137212e-09,7.01849200729057e-07
Bcl11b,168.970243931108,1.87533190455759,0.355647001062163,5.42915147273031e-09,1.97135955390671e-06
Gm13963,104.364792806247,-1.1213493592774,0.211683169047046,5.76816193780553e-09,2.05082190897061e-06
Nav1,1235.92436085654,-0.554780571982717,0.106654243570429,1.0607560747591e-08,3.69446187180384e-06
Gm30173,61.4168744855063,-1.38839912537815,0.269360250349817,1.20276762110143e-08,4.1052864443434e-06
A230001M10Rik,5000.0277174268,-0.889662177721367,0.173166423445891,1.29657945680521e-08,4.30555483484138e-06
C030047K22Rik,101.847595727655,-1.36088441332847,0.265405660893475,1.31189998483389e-08,4.30555483484138e-06
4930481A15Rik,30.4763194741182,2.33899466482041,0.457423075403088,1.44828941966832e-08,4.66349193133198e-06
Crym,22.585493646457,3.86283595336926,0.752169059886771,2.35925572759603e-08,7.45612189762108e-06
Zfp488,130.33456587651,1.58810253598774,0.320329415259502,3.10490489737736e-08,9.63423763248036e-06
Glul,1826.87844873869,-0.440293884288192,0.0876313661790636,3.29982858899794e-08,1.00562276249712e-05
Gm35019,10.352489377501,-3.82337692136923,0.75534308273026,3.38181611890243e-08,1.01252761202086e-05
Pde3a,208.801384710246,0.98064462724132,0.198776972178654,3.8707971132296e-08,1.13894868162718e-05
2700054A10Rik,290.639422918328,-0.794167297830742,0.162130977562337,4.61718024936828e-08,1.33553895145286e-05
Drd1,27.2543122529461,2.9764107294459,0.607335542002005,4.71471310783457e-08,1.34102156497175e-05
Kcnq5,1991.99422384722,1.36368732016085,0.280515461211109,5.21352690025348e-08,1.45859098491354e-05
Gm48250,126.270635384454,1.41276763809739,0.292169265972224,6.02741109868752e-08,1.65909351306776e-05
Mir100hg,7506.55802675935,0.663000101847444,0.136332788414024,6.16196041610448e-08,1.66920661049586e-05
Mios,191.248993644326,-0.812352337628067,0.168036974114779,6.31726897954898e-08,1.68453925632786e-05
Psd2,183.586241034855,-0.85293227617299,0.176452086630292,6.49885532629923e-08,1.70629946151727e-05
Hcn2,1326.60956547189,-0.621585804466794,0.12977620616073,8.71358311864573e-08,2.25312135610315e-05
Col6a1,48.9654463025679,2.09411335570664,0.445716875690503,9.94152339001725e-08,2.53226922647813e-05
Gm42743,20.7329560092384,-5.42792750415908,1.05735209210052,1.09059009953211e-07,2.73706038803162e-05
Gm45464,44.881919664055,-1.47022250294035,0.310856037810489,1.10797410737754e-07,2.74038929224712e-05
Gm35835,29.8550469562929,1.92460766105907,0.412622187826721,1.47179745353717e-07,3.58824219172362e-05
Gm49688,42.745534220113,-1.50546640176681,0.325376921165442,1.56822824131134e-07,3.76949058679145e-05
Prkch,53.4109677858414,1.81604819055287,0.398741108683416,2.03305670850071e-07,4.81890913712127e-05
5033421B08Rik,826.911232802115,-1.19683602260912,0.264675019704439,2.54444451947844e-07,5.94842331087932e-05
Mast3,2691.15946632392,-0.677414984627765,0.148976953651783,2.66052664575541e-07,6.13574969411647e-05
Gm48370,134.192612391975,-0.0127795229854301,0.0988311367582295,2.85211410725738e-07,6.48989058059393e-05
Gm1604a,153.223157787423,1.22822918179458,0.274312612225689,3.30837376292704e-07,7.42904034712011e-05
Fmn1,828.820288693167,-1.07444558830107,0.241146310874512,3.58805681865069e-07,7.95243865806399e-05
Gm4221,407.76029155507,-0.829232086381899,0.1875705368672,4.61627244364473e-07,0.000101001673747745
Eva1c,73.574993644159,-1.31337604277533,0.299324532002809,4.93387311572823e-07,0.000106584150117744
Pcdhga6,24.7360776535128,-1.65533199834766,0.379781651639016,5.63362662787312e-07,0.000120179340039103
Scrg1,142.295289515977,1.65430301620333,0.383476979506739,5.91789157844454e-07,0.000124002530280695
St3gal4,844.239172858699,0.746847258559718,0.170783641575812,5.9581668129714e-07,0.000124002530280695
Gm48371,149.575828600616,-0.00936852771569537,0.09824834647305,6.10954944007087e-07,0.000125621169571385
Snca,1033.14234596715,0.66714798201667,0.152659568134309,6.20798339765057e-07,0.000126125529362267
Gm38642,94.5203969138872,-0.993584693461824,0.228148205678271,6.57771294267407e-07,0.000132064998917265
6330562C20Rik,89.0417748454775,-0.967642825088541,0.223033949770648,6.75672528032189e-07,0.000134081713527876
9030025P20Rik,61.2437962222688,-0.992901182918646,0.233458252251021,8.76502657808141e-07,0.0001719355673351
Magi1,4292.77656623849,-0.694958005321653,0.162886735607423,8.97255567201512e-07,0.000174006403521148
Gm2762,9.59629581740716,-2.56171098223311,0.597388942283214,9.91728440586892e-07,0.000190166714236583
Cd59a,132.105168678826,0.864066912604012,0.204310198875712,1.01686304555342e-06,0.000192819830393497
Tgfbr2,149.172797236032,-0.0309402564881792,0.105039515158593,1.07245207168083e-06,0.000201126011596759
Gm17167,12.1699016512926,-5.41567023568433,1.32703663369395,1.30771231791815e-06,0.000242580634973817
Dclk3,83.2266689446837,1.24925516549873,0.300939035944221,1.40176206728014e-06,0.000255075214052379
Rarb,424.873117684194,2.87420497347728,0.698658077975442,1.40496133369996e-06,0.000255075214052379
9330104G04Rik,14.160517994461,-2.4675950873725,0.583230094414401,1.57881889096669e-06,0.0002836223494025
Gm49980,30.9649384572626,-0.0841302501524605,0.166390885121548,1.65249825107034e-06,0.00029376599117465
Masp1,59.1984347922319,-1.09230985636564,0.266053063004029,1.74478979788799e-06,0.000306975079286149
Pcsk2,854.686513267935,0.700697756349445,0.170311218333401,1.89774968858428e-06,0.000330479552912033
Car12,23.5246555865785,2.74111061105258,0.680411246217512,1.91870869965016e-06,0.000330754370386158
Gm44992,24.4991088822165,-2.45952108532998,0.607015291494669,2.06399989771353e-06,0.000349130332986619
Fcho1,771.64297683969,3.32772083255581,0.831640119164728,2.06622311213222e-06,0.000349130332986619
Gm15810,32.8449380821153,2.28567356050344,0.56170986879214,2.12614904340918e-06,0.000355733917400207
Gm3417,16.1640113813954,-2.14363285673276,0.521678577384192,2.34613346941557e-06,0.000388729260087826
Gpd1,173.329424725891,-1.21036634572955,0.303370880728744,2.6025144913032e-06,0.000422995355319814
Egr1,48.9537118402165,1.33699936824996,0.332552765689397,2.57963135460513e-06,0.000422995355319814
Gm4651,18.0479621139914,2.02829644617483,0.500301917975503,2.72656847332966e-06,0.000438977524206075
Slc24a4,240.182376631774,-1.87876307316318,0.47520670991778,2.77023874717503e-06,0.000441840135133542
Neto1,350.621364653306,1.23455103562178,0.31531750307469,3.61436617969924e-06,0.000571136789099512
Gm44151,92.8695371450832,1.00281393119764,0.256800259476477,4.04801497963241e-06,0.000633792877453273
4933424G05Rik,49.5880188306558,1.43975765102618,0.371169056857506,4.32877273432442e-06,0.000671589413490732
Shisa4,994.476608558146,-0.662230316025792,0.1702025441413,4.72116719833266e-06,0.000725868823484191
Cpq,133.610358402756,-0.998780450808541,0.259638827688835,4.93018640513099e-06,0.00074458903707934
Abi3bp,26.6068280206643,2.11484630304762,0.546456749011306,4.92159275189005e-06,0.00074458903707934
Drg1,508.843875017575,0.496159913787642,0.126954338110819,5.35430053371151e-06,0.000799022145565352
Ntn1,36.7350499277454,1.45781393492933,0.382558575711954,5.38424626391747e-06,0.000799022145565352
Samd9l,10.0670863423326,3.45790918268346,0.879178261213226,5.79444788118705e-06,0.000852483168451191
Gpr149,96.2870438935564,1.07912557044838,0.284497414197854,5.98177612239926e-06,0.000872521293203981
Mri1,58.9945507692384,-1.33647963160074,0.352522421024315,6.16411502822683e-06,0.000891498195523043
Rhou,1650.35366953401,-0.658070162989029,0.172868680071257,6.58797836097793e-06,0.000944793602592011
Cfap46,83.5867793421221,-1.08114147850064,0.286617971778904,6.74092139842286e-06,0.000958671371545705
Ankrd33b,38.4287461488553,2.32549733723276,0.62210157640725,7.26271235465296e-06,0.00102434255408684
Prex1,461.276745192219,-0.428788198259315,0.111748540487515,7.6163831243126e-06,0.00106541962622556
Svil,163.080000595183,-1.01077596557757,0.271503337580643,7.74792403760628e-06,0.00107500871240479
Dixdc1,1364.26046763215,0.674719897933462,0.180259642838642,8.3695820923266e-06,0.00115189748377134
Ccnd3,243.504526813351,-1.05202082836802,0.285132027385028,8.57867816892648e-06,0.00117122977304719
Stau2,896.131661687559,-0.518903099652751,0.138285473952309,9.16062868111342e-06,0.00123098652812505
Rab4a,188.189852885891,0.590985466775023,0.158196045833184,9.13223087972776e-06,0.00123098652812505
Adam18,42.1492178051499,-1.55179227024568,0.420426706059774,9.60008892824412e-06,0.00127003967170088
Gm16876,14.2671488350675,1.91207540788104,0.513008938526696,9.54287089443919e-06,0.00127003967170088
Garnl3,650.88163230006,-0.588003758656133,0.159505510255987,1.07536824644414e-05,0.00141171034567813
Manba,341.517121352057,-0.872474622553361,0.24131338834613,1.20382035352096e-05,0.00156827466818234
Gm42722,41.0185778178075,1.26633488664186,0.352437074329617,1.25852330665454e-05,0.00162711808722472
Rnf121,340.784565471508,-0.602923882479729,0.166707726978756,1.43003297605603e-05,0.00183495810296031
Plekhh2,638.796323327842,-0.439200524091605,0.120095775650631,1.44791536320167e-05,0.00184403907376117
Gm35850,45.2736428295279,1.21887459587696,0.341326786530939,1.57551606422931e-05,0.00199168571497314
Mtor,575.246959793023,-0.706455657305236,0.198575262270313,1.61856506589398e-05,0.00203106113342254
Gm35101,5.83520512458819,5.94758472240834,2.49412856183115,1.64186691858506e-05,0.00204526283449435
Slc15a2,175.94155275701,2.48433461809788,0.716371347672745,1.75590690049291e-05,0.00217147153360956
Plcb1,1836.24533214498,0.97747491107081,0.279738822005413,1.80984982993043e-05,0.00219982142740383
Wnt5b,124.444391887966,-1.18713938878473,0.3381146158575,1.79881221776606e-05,0.00219982142740383
1700003D09Rik,13.5322540660715,3.87243299000924,1.06827250444041,1.81750158949924e-05,0.00219982142740383
Lrrk2,112.630577309105,1.41267602512225,0.405213949750591,1.83117332181001e-05,0.00220076083873307
Cavin2,78.9851123057937,-0.905569121756484,0.258366169904029,1.96938849787714e-05,0.00233399889616468
Ccser2,939.282717448715,0.593778656631916,0.168024769482202,1.96793433707864e-05,0.00233399889616468
Luzp2,2255.93431734326,0.58226397639947,0.16509702545115,2.02453385107287e-05,0.00238280653120066
Rnpep,344.15494842091,-0.666915754947298,0.191281805873357,2.15473573174302e-05,0.00251867945191277
Paqr6,61.3649381349782,-1.10257255615647,0.32247572212614,2.29631939012788e-05,0.00264790450756232
Gm50024,12.0710890861306,5.15028983612948,1.48527800115686,2.28338289183489e-05,0.00264790450756232
Efnb2,70.1248682018072,1.08987038068437,0.317688038900079,2.3509974091271e-05,0.00269275985128611
Gm36855,445.28633917411,-0.81698905623774,0.239485341468226,2.65477314725806e-05,0.00302042390207374
Rps3a1,223.716511510057,0.558024557181972,0.160967488010494,2.70281675569812e-05,0.00303462307583843
Ccl27a,15.3132763458356,-2.00553144577096,0.582699920873637,2.70009921736552e-05,0.00303462307583843
Sbspon,13.1851846170188,-2.23406566363922,0.660832092899685,2.75757916587839e-05,0.00307587229051507
Serinc3,449.518339043326,-0.510649034188179,0.148726447757493,2.99721720339281e-05,0.00332146160994167
Nudt4,282.833889830838,-0.497475298155553,0.144343337193525,3.02851722045745e-05,0.00332347775586794
Sv2c,152.328587004334,1.1110882023949,0.33177491944949,3.03798505751434e-05,0.00332347775586794
Kctd1,247.999848452668,0.787075373923444,0.233857492049325,3.08316677652908e-05,0.00335142192409206
Sema3d,211.300409599293,-1.64699901929881,0.498944851681305,3.26695357660377e-05,0.00352872340115949
4930544F09Rik,10.686465391681,-0.0851630620196203,0.165540473539852,3.31262844109788e-05,0.00355555452677839
Itpka,28.4683835006764,1.91837964427885,0.582748010191895,3.38789636495444e-05,0.00361361496026953
Dlx6os1,92.9558000904532,1.09753279255513,0.331077817333797,3.54243091090459e-05,0.00375497676555886
Gfra2,74.6464304582374,-1.02940176450339,0.310519552038698,3.59650761943986e-05,0.00378876537242967
Thbs2,18.7820460832104,-1.56630230276926,0.472405202897201,3.89422919913733e-05,0.0040772340805201
Flnb,713.274346053823,-0.662975099186495,0.20024491385446,4.00460295486137e-05,0.00414711298502145
Sh3rf2,32.9717162231003,4.3801404060802,1.36453145080327,4.00957249811637e-05,0.00414711298502145
Slc27a1,227.467435824398,-0.613846031359861,0.18539176326284,4.05608734612012e-05,0.00416995100294493
Gm10115,29.7828897754566,1.77342434263907,0.54368915521254,4.20129412088475e-05,0.00429337038724666
Agap1,6533.13773102092,-0.325217979309312,0.0942263840571372,4.35693483817359e-05,0.00439973076616985
E130310I04Rik,5.03609672230616,-0.0417698257644037,0.111303706217771,4.35283680471329e-05,0.00439973076616985
Gm32005,58.1946449824658,-1.22873673316663,0.383088033393381,4.45472597777472e-05,0.00447202079627667
Clasrp,967.26552280509,-0.375108195462395,0.110538214472165,4.50111934233514e-05,0.00449216974832114
Celf2,4441.70235900608,1.2506901944346,0.394481255066044,4.71308451416569e-05,0.00462261496084779
Strip2,67.1903867722925,1.38021723307731,0.428930674095276,4.66907750805061e-05,0.00462261496084779
Ints10,400.320459780838,0.563181977249362,0.171290555583828,4.7007895442295e-05,0.00462261496084779
Fbxw15,164.527368065053,-0.770656564322835,0.237206005532848,4.8746489524092e-05,0.00473586584355852
Galnt10,188.703102507919,-0.740788594994627,0.228759828346369,4.88405243446794e-05,0.00473586584355852
Nnat,267.423944569681,0.915625892604894,0.285210307694948,4.97104233134064e-05,0.0047929835269299
Bhlhb9,74.2490735189647,0.989269904025091,0.308959429566568,5.28434241238964e-05,0.00506643750617088
Cpox,1302.78249031865,-0.586395405027467,0.179264978256186,5.40632352502855e-05,0.00515443113285683
Rpgrip1l,327.601608513667,0.592584199618061,0.183199348736202,5.50669564703803e-05,0.00519211424930116
Thsd4,464.811430388303,-0.0337708764653833,0.106382867031117,5.49497819051019e-05,0.00519211424930116
E230016M11Rik,184.033228378936,-0.615061762465706,0.190951577995398,5.68122899893351e-05,0.00532724473053842
Gm9989,17.1052493458021,2.17158009475526,0.681921265216113,5.82937819881622e-05,0.00543629335196708
Gm15169,7.62923868751046,3.11858093746244,0.905481225472905,5.95917686020553e-05,0.00552713653784062
Fras1,279.224179702506,0.88722270945236,0.281496338142086,6.26700082918807e-05,0.0057812235757256
4930417H01Rik,12.4252857471196,-2.40440732707171,0.757357185035071,6.39787016818125e-05,0.00587021786506351
Sema5b,55.126994112482,1.30445727118951,0.415571164958923,6.46094771561358e-05,0.00589639217725462
Chmp7,274.957770051412,-0.530759031101602,0.166997848138376,7.00522884752881e-05,0.00635910827191099
Cirbp,303.760891725261,-0.594119077565821,0.1892080802234,7.49458555226103e-05,0.00676733317644903
Pxmp4,80.0584212815819,0.726920224969115,0.233960667759221,7.74764111172854e-05,0.00695901280067154
Lctl,22.995233378831,-1.46988804106975,0.475747104874024,7.84846190933581e-05,0.00701266235312696
Stk32a,86.0645948085546,1.2649294062679,0.41452782432226,7.89949810376928e-05,0.00702150180411075
Arhgap10,114.485891430739,2.37990208642358,0.79340557410069,8.05109569917642e-05,0.0070806426632325
Gm26843,55.5684974523471,-1.09768826474438,0.357670039220357,8.09050345324234e-05,0.0070806426632325
Lrrn3,215.76760060905,0.494703865230504,0.156014269125237,8.08221326149239e-05,0.0070806426632325
Lmo4,83.841758797738,1.06616493468759,0.349531237157353,8.15091641305353e-05,0.00708703703458284
Sez6,136.760739262461,0.794555082670554,0.25869699009915,8.18086426703867e-05,0.00708703703458284
Tex12,33.8058531805955,-1.08329449576424,0.356113576418217,8.22584476235022e-05,0.00709001347041762
Gm16183,58.3440292930099,1.02694508588084,0.33559717711467,8.44795915540127e-05,0.00724486788673759
Fam32a,89.1414643822986,0.700039877953684,0.227085267773224,8.51689607514075e-05,0.00726746742091761
Scn4b,26.8098515170425,2.29724320969259,0.763652575170467,8.67640825448544e-05,0.00733584766632548
Pla2g6,146.99873978083,-0.72507248070398,0.236510691322859,8.6830026286051e-05,0.00733584766632548
Tmod1,556.360123008214,-0.874501268519095,0.287305937952269,8.92461103061203e-05,0.00750282816987315
Extl3,554.893369377126,-0.481958478445429,0.154228643080845,8.99641313230353e-05,0.00752611698607314
Acss2,435.60211972531,-0.472884384393797,0.151137060557816,9.11107813403674e-05,0.00754804172016849
Rab6b,327.553319367554,0.433903410657047,0.138104179268378,9.07517972020101e-05,0.00754804172016849
Gnb4,241.183785397081,-0.580029412592301,0.188967814539426,9.60988848330073e-05,0.00782769677669465
Gpr83,20.2568077436311,1.51092008575114,0.498176601402029,9.50531645382228e-05,0.00782769677669465
Gm47785,10.4051091508861,2.09529799284592,0.674359227064939,9.58767397331309e-05,0.00782769677669465
Mapk4,153.123388959754,1.17913374609397,0.394391690517947,9.63211252259391e-05,0.00782769677669465
Cdh2,1327.16763301473,-0.736021915723038,0.244288201704554,9.74379308773283e-05,0.00788092762252363
St3gal1,101.26928446352,-0.66909904825181,0.220244924065621,9.83683371152079e-05,0.00791865113777423
Rreb1,85.2046152265284,0.750703540730101,0.247767985251513,9.90821781775024e-05,0.00793866879238148
T2,212.662245170434,-0.772446810072157,0.255766767709194,9.99819150688159e-05,0.00797332412413277
Kcnh3,22.5845065931059,2.2351202414342,0.753629810989553,0.000101427465191601,0.00805098195795286
Serhl,9.32068721711608,-2.29212754878356,0.739833931224668,0.000102311972006993,0.00808359312162658
Bdkrb2,123.247861583618,-0.724691841451901,0.240797887507855,0.000103333128651367,0.00810079733515465
A330072L02Rik,189.203068822269,-0.73278102615502,0.244841749422778,0.00010347907061196,0.00810079733515465
Ppp1r14a,745.115396301838,-0.458751156487536,0.148323017305488,0.000104602169479649,0.00815132705177938
6530403H02Rik,115.263253557549,2.37645897410006,0.827071213588939,0.000114493507652866,0.00883131185381579
Zfp27,56.8556262412783,-0.830904726340341,0.278819645776477,0.000114218157859641,0.00883131185381579
Aaas,125.620007498842,-0.540655715657018,0.178699502388784,0.00011488053624441,0.00883131185381579
Fam71e1,24.3029825872232,-1.28593210145138,0.437481996975824,0.000122622431628785,0.00938419021603966
Phactr1,7508.42812644081,0.725704827587626,0.244138354473509,0.000123173967762235,0.00938431666888529
Gm44866,873.71485242254,0.581629458779325,0.195075596422453,0.000126345613410641,0.00958317439318222
Ciapin1,155.261480247292,-0.59583382434502,0.202223535459815,0.000128311820066751,0.00968924566928834
Zfp954,20.9756648738527,1.30100304337728,0.443087609690409,0.000130670351616987,0.00977411545968719
Cntnap3,74.1687837343237,0.825548509133552,0.282260280453633,0.000131153898996154,0.00977411545968719
AW549877,360.493714461863,0.42140201198345,0.13818481710087,0.000130534651494178,0.00977411545968719
Zfp951,56.5454504365296,-1.02467883322619,0.353334874017563,0.000131912471278894,0.00978025214268017
Cpne5,116.42766745075,1.02611176275311,0.355079205121677,0.000132382412103546,0.00978025214268017
Bcl11a,237.993967766951,0.71668353113979,0.244622607238963,0.000133644165610467,0.00983091090650101
Unc13b,203.452778270024,-0.570800994848868,0.192112667911607,0.000134594887985348,0.00985835346934741
Thap3,425.634215903712,-0.470897439977469,0.157440034860686,0.000142184172775056,0.0103697226178594
Rgs20,171.765287028261,1.05641491297921,0.369002992253769,0.000144968038003494,0.0104111243813803
Pdk4,357.5706601008,1.55869604001437,0.551264234896555,0.000145189303095022,0.0104111243813803
Tirap,91.826923333803,-0.580106256380423,0.197157404400935,0.000145802105188673,0.0104111243813803
D830030K20Rik,6.06753890158958,-0.0517536613471606,0.118943136161513,0.000145188092946053,0.0104111243813803
Ptprm,1968.52651138378,-0.404261226592194,0.134011314418918,0.000145236905779161,0.0104111243813803
Gm26935,47.7040894538415,-0.948981541509489,0.330789999626435,0.000156986876075229,0.0111630751129161
Gm16233,43.2641420226868,-1.40222293354253,0.498954510965117,0.000159708271618867,0.0112627329068082
Nsg2,271.075754913279,0.591312404204325,0.203318958457635,0.00015905766361242,0.0112627329068082
Rap1gds1,1657.90066507715,0.522803464681041,0.178941534801742,0.000160436042866812,0.0112674959159054
Gm10037,7.47915630450648,-0.0638836878775286,0.13127303329768,0.000163317761406468,0.0114228726072245
Serpine2,109.454557701623,0.847471941096474,0.29933979063369,0.000165832212555929,0.0115044412173963
Prss41,21.1824145497699,-0.101794310018457,0.205925858515583,0.000165228698358274,0.0115044412173963
Rims2,2117.98378142366,0.616073669542013,0.214270767535178,0.000169904487902872,0.0117392307309733
Gm13269,53.7969061405897,0.950036440652425,0.336479745121176,0.000172412017705651,0.011841984188524
4831440D22Rik,60.252189411531,0.828117996561005,0.289534102572686,0.000172779448197731,0.011841984188524
Lbh,202.293972606492,-0.587212676801804,0.203269596916615,0.000176838062615438,0.0120716735063802
Zfp961,160.242684275864,-0.599224203608517,0.209464562317906,0.000179251675191062,0.0121303859235069
Cela1,18.0618025258681,1.40363398727579,0.489936766493644,0.000179830519081639,0.0121303859235069
Dctn4,812.431999289864,-0.504466937854499,0.174374719449463,0.000178836881977608,0.0121303859235069
Meis2,875.151432795217,1.24061842932973,0.449774785638052,0.000180710002080089,0.0121417200610189
Lzts1,80.6839285193182,1.14925930232606,0.413967600322661,0.00018415702516129,0.012279577827103
Gm41804,55.6062250203825,-0.708681640432684,0.250988572438808,0.000184200862752746,0.012279577827103
Ramp1,27.612977009411,1.33011312703818,0.476284625884166,0.000185091547547784,0.0122909429978618
Gm29418,36.4293251109798,1.00137118245815,0.357807092012638,0.00018855802227347,0.0124726015818567
B2m,19.2334915896354,1.64467942932278,0.600614684988213,0.000190653462546215,0.01256251734291
Gm26760,28.2518837772931,-0.136354292751326,0.45853070495651,0.000191439893727846,0.0125658201013824
Zfp992,27.6362370412126,-1.22727340423828,0.447588395979526,0.000193885459419043,0.0125748346718702
Grm5,3069.0005994883,0.692705709353961,0.245467686124868,0.000193218551625911,0.0125748346718702
Gm35082,8.03058500175234,-0.0281397299000649,0.103577383931061,0.000193974415281236,0.0125748346718702
Gm26787,30.485990818833,1.06620478770229,0.385362380581651,0.000194524572446603,0.0125748346718702
Zfp273,49.9002183212247,-0.805376211134762,0.289566750916527,0.000196093218796269,0.0126284032904797
Dock9,3726.74858897958,-0.443563240035408,0.154346356185658,0.000199639471285947,0.0127695226324898
Higd1c,2.76061384098997,-0.0285102174487003,0.103651721328771,0.000199780999816874,0.0127695226324898
Ccdc73,65.7541937014478,0.769124755983804,0.277395631856808,0.000210722859180803,0.0134186429655955
Gm16835,35.8018863810272,-0.909270339820998,0.328623868346699,0.000211590156502386,0.0134237829400361
Zfp248,92.0487500032669,-0.676046766274332,0.242252993308338,0.000214957041886253,0.0135868773215956
Aktip,294.069401861295,-0.397007705362507,0.137030845038125,0.000216665138414928,0.01364430720365
Cpt1a,20.4365641049912,-1.3042756778707,0.473342594336766,0.00021906810024568,0.0137449124955617
Gm15478,144.516500187152,-0.951721916143147,0.35033438549293,0.000221227552587978,0.0138295582874228
Sox1ot,49.1400699206188,0.895784896054939,0.32563257542377,0.000223045580548349,0.013892320721307
Dlgap2,1059.7964252764,0.737962601123119,0.266378062596792,0.000224580893188657,0.0139370819023913
Fggy,695.504427614148,-0.368317918378511,0.127445479925802,0.000232200018900678,0.0143577011686919
Slc16a2,102.859057468928,0.857166323728141,0.315812407149137,0.000233674514276229,0.0143967121322676
Caln1,624.355454767128,1.13831679729389,0.425462810238547,0.000235399711560208,0.0144508326528292
Lyplal1,37.9743439866269,-1.03976938979001,0.388943949456682,0.000241656806352938,0.0147817743986353
Kdm8,41.5400994156785,-0.979775290357514,0.362504164959889,0.000247253083062936,0.0150425156039366
Gm10754,237.945450817846,2.44471197070465,0.942615953269248,0.000247682344117321,0.0150425156039366
Card10,32.3212185846328,-1.21909578376654,0.458180215053097,0.000250458477891478,0.0151571786655885
Cast,23.867646046616,-1.10096418797257,0.409993735733296,0.000251796719745618,0.0151843209158259
Shisa7,100.833857766215,0.77194602373895,0.286791356977156,0.000255157271327658,0.0153327957481613
Gm7324,5.72203014832186,3.96097841992195,1.39641688834612,0.000256198018347332,0.0153413171267213
Necab1,172.878350332737,0.755883542446568,0.281151151889424,0.000257500540195751,0.0153653993670653
Ephb2,182.190457109187,-0.770493258015838,0.285493723170818,0.000258547834283332,0.0153741370727503
Camkv,139.723743309074,0.78590118783508,0.294624721908584,0.000263723255532537,0.0156274343017996
Crnde,32.5494686610859,-1.36368576624995,0.518529581320467,0.000269414801730947,0.0159094567693437
Dgkb,2063.71061960973,0.677514988555231,0.251345394821477,0.000270685884877844,0.0159293976252596
Dera,110.884591901373,0.556265957069883,0.203375981710392,0.000274012051414868,0.0160697239499867
Fam118a,69.0768984543865,-0.679312141144527,0.251143695544817,0.000278791399725671,0.0162524350766282
Afdn,1324.13017751651,-0.345292634415746,0.120669157612516,0.00027903219720216,0.0162524350766282
Arhgef19,19.8551860749509,1.36642785534681,0.514924439065977,0.000286861156540504,0.0166516071344226
Tafa5,1343.3739960801,-0.360510607734954,0.127426005453224,0.000288853007723952,0.0167103912875151
Cisd2,327.510307045555,0.742629341924788,0.280683647210563,0.000290765986401542,0.0167642308240835
Abcb8,220.697833618525,-0.426226150347777,0.154551285036785,0.00030575745700753,0.0175692146844798
Pde1a,633.143483066224,0.681250685629165,0.2580915145847,0.000307052368190331,0.017584415152806
Cep126,152.735347128382,0.589494186806547,0.221162236839155,0.000316409970303869,0.0180597075358055
Ppp1r1b,23.3232735981461,0.0260943456199934,0.102717482997116,0.000319458606403937,0.0181729352562986
Rxrg,26.3677884402885,1.2232148106449,0.477932588590162,0.000324982201253027,0.0182126643589507
Plppr4,208.343882685082,0.644214078690972,0.244912118768999,0.000323096366871494,0.0182126643589507
Zfp14,341.63481221795,0.597241816287971,0.226274935036357,0.000325492946764325,0.0182126643589507
Gmip,47.2356755331271,0.840186079652591,0.321097297415736,0.000325039658156398,0.0182126643589507
Ldb3,225.114427885253,-0.790912670701457,0.304287395528306,0.000321274933429659,0.0182126643589507
Neb,79.5069736404576,-0.0183460341892103,0.100112986527139,0.000331330814572935,0.0184451335849197
Gm4876,175.441102396293,0.938406430736255,0.363705057545566,0.000331809211916696,0.0184451335849197
Lims2,130.43445019007,-0.561278018137073,0.211756489444762,0.000338201575686719,0.0187394418528232
C130046K22Rik,17.9600793491574,1.78611354074508,0.718009409749186,0.000347400340818056,0.0191868421242749
Actg1,319.362271830669,-0.448072778056645,0.166702830334474,0.000352487708113636,0.0194050168602172
Gm44129,33.6373800139649,0.903736998203141,0.352502287768053,0.000357136737298534,0.0195977349155523
Zfp831,38.1839834112074,1.21471626797499,0.487001262368687,0.000365796351051658,0.0200085914328448
Rnf152,299.707444495956,0.865282319096529,0.339887817439638,0.000371351423099633,0.0201335247863013
Cnbd1,8.61205572963748,3.23314555393046,1.28576487281296,0.000370118483676113,0.0201335247863013
Rccd1,204.232084501762,-0.477516783999955,0.179919669618899,0.000371619612544527,0.0201335247863013
Tma16,302.032482252788,-0.829080102595275,0.329238045834914,0.000378039416194199,0.0204165211290196
Ppp2r1b,96.0694193409134,-0.614482933760229,0.236725437549636,0.00038111630236786,0.0205177628271606
Usp24,858.058309016605,-0.349887218723571,0.127795613084837,0.000400823300113597,0.0215108504394297
Rab40b,114.130218085507,0.600585457937279,0.235035645903649,0.000404837168188489,0.0216581539570682
Crtam,10.7821165448496,-0.0471063015943315,0.114815893523957,0.000411046773408069,0.0219068601323887
Gm16759,533.053652831089,-0.438192958000799,0.1666590155255,0.000412053328401311,0.0219068601323887
B430319H21Rik,8.25492309820836,-0.0485475583088396,0.115941082632435,0.000418379498938894,0.0221054629377435
Zfp738,182.265900510939,-0.483227781843397,0.185911954630935,0.000417894246466765,0.0221054629377435
Mcm6,13.5909706259167,-1.57812344342147,0.616172815751434,0.000424932987180581,0.0222259543525421
Lad1,4.41756112894593,-0.0384024698464107,0.108851666419895,0.000425654646810556,0.0222259543525421
Hal,4.68430273561865,-0.0429457421195217,0.11184459033094,0.000426748804475341,0.0222259543525421
Lrrc6,21.0750110144522,1.14208413017775,0.458065272871368,0.000427330728991708,0.0222259543525421
Nell2,353.465754842882,0.502209248795852,0.194524127684224,0.000427258669945787,0.0222259543525421
Nox1,130.456122770286,-0.578056215929799,0.226235086890517,0.000428474099495273,0.0222259543525421
Zfp868,198.743691723758,0.663397640787284,0.264045819674065,0.000430077319390422,0.0222415137355059
Rtn2,34.5297587789612,0.871020002480733,0.347099576424746,0.000432799411756778,0.0222640605473494
Shmt1,70.3271209744325,-0.928633785297576,0.374309130005889,0.000433122471681705,0.0222640605473494
Tmem150c,138.580775543886,-0.4385854403567,0.168373949263822,0.000450813035121255,0.0231038296017397
Trim25,10.6863709075996,-0.0879246824925333,0.168131182623373,0.000459927868494972,0.0235003862387281
Fam13c,975.090519745822,-0.74638565585569,0.305580474633361,0.000463407347884426,0.0235372315446298
Alcam,2551.17726279877,0.375566374192735,0.142091848777293,0.000462306643001154,0.0235372315446298
9230112J17Rik,5.65887298497542,-0.0291341930985657,0.10397883478942,0.000469903761587965,0.0237963726862321
Slco5a1,34.5668156536792,1.11546356777348,0.46366739431833,0.000482378716394154,0.0243486940968097
Lrrc10b,6.02675706163173,2.86653064460663,1.01304734302375,0.000483663852034365,0.0243486940968097
Gm47271,479.448261387253,0.474585788494273,0.186135581272449,0.000490630090810178,0.0246267444993132
Tmem125,104.929238842567,-0.530889144495529,0.210984342747581,0.000497863419467739,0.0249165311338312
Gm6145,81.6293866226375,-0.83964048059291,0.349337994203251,0.000504186292256757,0.0251591908293971
Myrip,191.941919091382,0.415266079127218,0.160721599094493,0.000510740174583111,0.0253736514268473
Gm21860,4.17162822887838,-0.0265712783384608,0.102780570568848,0.000511457640386469,0.0253736514268473
4930545L23Rik,35.7319410868111,1.33983028195943,0.563503961884025,0.000517142133077205,0.0255073631303341
Gm16351,34.8055469276436,0.991682153085981,0.411707945752999,0.000516258292069298,0.0255073631303341
Kcnh1,229.883701329797,0.756776315116541,0.312583750452871,0.000519220005111309,0.0255360478594513
Rgs9,227.284839971372,1.72883917988292,0.745593662706782,0.000522120555611317,0.0256049120748929
Fhdc1,185.472067164325,-0.497094989690003,0.198235590428688,0.000527002546668066,0.0257702735284734
Noct,53.2216729662138,0.73311776338589,0.30156449287549,0.000534388018731443,0.0260567597933452
Wnk1,4631.22715006767,-0.458245512737086,0.182434131718352,0.000538947153471198,0.0262041940773204
Spag1,137.500277845929,0.53890260853311,0.21756718954273,0.00054049070926714,0.0262045864896393
A830019P07Rik,42.6772945067184,-0.809374503883204,0.337560907107337,0.000543084544604051,0.0262557530827556
Lrrc7,2102.21736696599,0.632555765443775,0.262018774172881,0.000557057679859506,0.0267795672238939
Gm28578,11.41419723606,2.03119421932857,0.873760121040863,0.000556872221601304,0.0267795672238939
Vipr1,7.48437008460249,3.0044388590621,1.16645282527905,0.000567927605680687,0.0272254284228837
Kit,164.813716069416,-0.646191353702238,0.269505469729151,0.000579428681454874,0.0275446514699411
Sfi1,448.069415207279,0.418080927366221,0.165190250002136,0.000577227934246681,0.0275446514699411
Gm15261,50.1519221860204,0.925098613465176,0.388178126158487,0.000579103324019402,0.0275446514699411
Edil3,28977.4175623867,0.318533933374298,0.114786212980655,0.000587136277729501,0.0278335214325879
Sys1,346.019920769297,0.402051795975757,0.159032606753245,0.000595330934273402,0.0281438164108307
Serpinh1,7.98768715710194,2.15637278999824,0.851290864318125,0.000615357881065101,0.029010214359826
Gm15886,63.8120647614647,0.67675868467805,0.283012526586181,0.000621494608756504,0.0292188071433567
Meis1,1182.69099220396,0.401713080918791,0.159880634603057,0.000636709421393555,0.0298518763337978
Plk2,46.8507585006778,1.07437940253516,0.469644417251518,0.000656446942998332,0.0306929411759166
Lamp5,19.9973533633277,1.51628106637724,0.662751072291799,0.00068118422358048,0.0315899183685448
Akap5,35.530339522766,1.16430095112271,0.520843994608929,0.000679936180766173,0.0315899183685448
Grik1,3960.35238291688,-0.634165956438807,0.271871133582307,0.000680422430213032,0.0315899183685448
Zfp804a,755.222660924841,0.569140519500316,0.240972875661453,0.000686448898942581,0.0316964125101139
Gucy1a1,82.6998594642366,0.892547388154662,0.392811211642353,0.000687195161651362,0.0316964125101139
Kcna4,50.6447308111509,1.07361645595592,0.479353923993852,0.000694292017380797,0.0319374327995166
Ngef,72.0659048597897,1.10073179161636,0.494583969844181,0.00070625838405592,0.0324005526405869
Mef2c,352.470386148619,0.748709260680842,0.327275691427375,0.000715439636830307,0.0327337609709008
Gm14403,30.2212916752527,-1.03765384282553,0.46713647197972,0.000729091007146404,0.0330838743365942
Gm20186,2.60251940809517,-0.0180487951509326,0.0999775962900714,0.000729230846943255,0.0330838743365942
Lmo3,121.031786734145,0.686800573260911,0.299930188432298,0.000730846163418259,0.0330838743365942
Fam83b,28.4426155746508,-1.0189760116002,0.453982597664454,0.000725518899078222,0.0330838743365942
Gm10848,37.7660810365441,0.920621942383141,0.409668850400468,0.000756740996086282,0.0341654546010807
Gprin3,141.661049351507,0.878878496589211,0.394268488054242,0.000766649910704695,0.0345214970345286
Cacna1e,918.708546822645,0.56802452926871,0.246701747328441,0.000785055228540128,0.0352572435006995
Gsg1l,103.193688817521,0.973325279556203,0.442827385469778,0.000791168347933699,0.0354385276268675
Pde5a,40.2170401290863,-0.883490289127211,0.402403198229679,0.000794802346777273,0.0354678678709939
Pald1,54.1253633463605,-0.619145872236177,0.270485627354521,0.000796247543648008,0.0354678678709939
Syde1,39.9515346654484,-0.749863926682428,0.333811460896546,0.000798058201245849,0.0354678678709939
Plk3,90.3874782386647,-0.584868964785899,0.256307518916291,0.000802729457277609,0.0354906241396365
Tmco4,34.7893209652851,-0.757056078406836,0.336358731761707,0.000800723762157583,0.0354906241396365
Fam107a,15.963273544923,-0.0463382805667761,0.114077176064047,0.000806857723256079,0.0355809661630187
Fabp5,149.862239559019,-0.520727369452884,0.224738568562772,0.000822178264552818,0.0361631295434495
Gpatch1,187.237085338863,-0.433983146804642,0.182860196218239,0.000827602142184625,0.0363081186594417
Kcnj4,15.0247831067605,1.74989966679109,0.803723442857587,0.000837134123337944,0.0366321306381676
Runx1t1,482.281296625674,0.596819351555844,0.264526926758579,0.000853042244304851,0.0369883606030326
Atp2a2,1035.95512393133,0.280646933047914,0.109306463873039,0.000850134369883673,0.0369883606030326
Ndrg4,349.693790300282,0.609822248503908,0.271766609800817,0.000852288320142533,0.0369883606030326
Cep97,754.172613699969,-0.393583806189979,0.164247251797831,0.000853944338309787,0.0369883606030326
Vipr2,12.8536260269341,1.48755762870659,0.674682797228294,0.000858745405690676,0.0371021496038407
Tmem158,36.6105882970875,0.937774173013989,0.427221473799592,0.000864207292086084,0.0372438425422755
Pdzrn4,687.132000128436,0.37892514936779,0.157135506933015,0.000880322970903484,0.0378428005577805
Fgfr1op2,360.1649566231,0.336035181513466,0.138129335490663,0.000890984579534123,0.0382048814932898
Tiam1,325.920194825127,0.545772783107899,0.242183856566963,0.000893701105488163,0.0382253209680727
Pde8b,447.834038301625,0.623265349201055,0.281001830601793,0.000900899714870465,0.0384368863349484
Camk2b,294.444769480588,0.607376379836986,0.274149314309451,0.000906110714023176,0.0385628065973055
Zfp641,57.3435203942136,0.680178770978184,0.307873209301573,0.000909494269455453,0.0386105204042954
Penk,68.9703924118078,1.80470047104353,0.887841611026099,0.000922529571945392,0.0388944857742341
Foxp2,517.570137473967,0.984823188993817,0.463611782738621,0.000924532907945188,0.0388944857742341
Efcc1,66.2520104506369,-0.555424035905775,0.24853535406748,0.000927578560301961,0.0388944857742341
Hspa8,473.867253214377,0.583465022516663,0.262444519720891,0.000925474980189102,0.0388944857742341
Serpina3n,34.2624075981495,-0.0271014442489334,0.103071560934849,0.000922019507918634,0.0388944857742341
Gabra4,155.017653520192,0.761411963511578,0.353887467707587,0.000935636245782731,0.0390405089743963
Kcnd2,4079.11424955834,0.59869501165346,0.27167218421128,0.000935604711789972,0.0390405089743963
Gstp1,132.056117019811,-0.663684002936102,0.305411069922776,0.000948807235445291,0.039493522634413
Gfod1,412.258246034082,-0.332802728231541,0.138265341520726,0.000972354255869069,0.040375176960247
1700084C06Rik,154.004883874112,0.464542426830074,0.20343596666907,0.000975622551870907,0.0404125593937595
Nkx6-2,456.726617458969,-0.495566855681788,0.221053855212634,0.000981734489302935,0.0405672658461111
Gm20559,8.5087076020098,1.99912460199356,0.889996020834406,0.000991277100412802,0.0406661898933771
2310002F09Rik,14.5371561878877,-0.0836345461053115,0.158920289451258,0.000988990903565524,0.0406661898933771
Tcte2,176.13371062791,-0.435451889206095,0.189154306649456,0.000988637759576024,0.0406661898933771
Gadd45b,22.9428278626355,-0.0841798979706163,0.159691031286404,0.000996284217532083,0.0407735886244665
Ptpn13,233.001452052537,1.39212287978068,0.687129005755976,0.00101748188507553,0.0415414972504761
Limch1,5332.78655065365,-0.316769845531672,0.131086826401944,0.00103673338455011,0.0422264724122487
Lrtm1,27.1238505125946,1.43172052455745,0.698610342360964,0.00105902453922642,0.0430316971105669
Itga4,96.490607263251,-0.551761936442192,0.254568700879903,0.00106473028979304,0.0431607770204465
Eif3j2,7.49672483257866,-0.0269103273751982,0.103008902748466,0.00107808780895276,0.0435986885013928
Upf2,711.931411847137,0.291739991249952,0.118466540713219,0.0010850821484605,0.0437746246941249
Bbs7,177.540604494497,-0.391675063424449,0.171474462060042,0.00109113425646279,0.0437746246941249
Oscar,6.37673211024231,-0.0417820449922235,0.110920595074905,0.00108789365674841,0.0437746246941249
Pcbp2,1061.74503682699,0.281709347004436,0.113974318521662,0.00109269835460549,0.0437746246941249
Gm39043,3.27438976642236,0.0205361055348888,0.100644945477039,0.00109556253246769,0.0437865812156759
Zfp990,2.90344953865313,-0.0197084120317514,0.100410999433561,0.00110314678834548,0.0439866894623923
Abcg2,39.5113861738234,-0.762690116836942,0.360656557414909,0.00111144424458517,0.0441382833529908
Duxbl1,4.28037791615696,-0.0390763307441713,0.109087039554703,0.00111212128452983,0.0441382833529908
Ighm,13.6893049057732,-0.0341183009539049,0.106300943972599,0.00111571908663556,0.0441783339501682
Gm43915,60.5855268404112,0.803132700190144,0.383181130892223,0.00112267836340492,0.0443509929395101
Gm14091,2.59984801866274,-0.0234292978430158,0.101568185858124,0.00112552655435349,0.0443608225787453
Cacng3,145.644235268117,0.76169688825811,0.369680201091917,0.00112842377433888,0.0443725348683579
Rasgrp1,70.2952691160138,0.891604697400173,0.440063050142688,0.00114745387847133,0.0449429102556625
Itfg1,1263.24699853893,0.263060125338649,0.105220658675771,0.00114819576183458,0.0449429102556625
Gm12576,13.0738191844158,1.30373368029721,0.631235901265331,0.00115303906951883,0.0449584381726098
Hid1,548.115213173095,-0.35926604165295,0.15550829467089,0.00115386123986893,0.0449584381726098
Ssbp2,1287.87609829197,0.387357674947665,0.170566247813012,0.00115823399667647,0.0450260168275184
Pkd2l1,242.532498062223,-0.511052683891298,0.237313387132226,0.00117116130149204,0.0454250881165073
Sel1l3,125.847556155592,-0.733861926238416,0.359321130761017,0.0011775187379866,0.0455681060827196
AA465934,59.5564325269176,0.650427049785124,0.312781117829121,0.00118359325245634,0.045699553046199
Ntng2,112.842389329447,-0.593281822730261,0.282065207868936,0.00119620552423907,0.0459784762987929
Gm34667,5.90968824532016,3.24118692050844,1.32421150564234,0.00119485496855989,0.0459784762987929
Drd3,31.3225185335235,1.18668484531507,0.601942903143812,0.0012187105916681,0.0467382358593435
Abhd6,197.401378352482,-0.380170964099241,0.169517633624031,0.00123141366272308,0.0470834011664333
Ddx17,2877.47328646802,-0.255792118296244,0.103230974962278,0.00123322866057633,0.0470834011664333
Ercc6l2,825.671194156781,0.344716142581952,0.149933464571437,0.00124663249281532,0.0473831405843791
Gm16299,12.9702484297201,1.24188616206431,0.616612104325534,0.00124516387678028,0.0473831405843791
Clmn,2851.14784494114,-0.248272909353133,0.0999222896616402,0.00125972266025266,0.0477051530531021
Syt10,50.1758395732082,0.925361063823689,0.46755213588547,0.00126069518498471,0.0477051530531021
5830444B04Rik,12.8070650436935,1.20043077056973,0.596709506071518,0.00126754374265892,0.0477525419695743
Gm20619,67.426460194908,0.581978705851601,0.279104748439994,0.00126602726057219,0.0477525419695743
Fstl4,345.282563998566,0.608398906063333,0.296091165439082,0.00127544589586785,0.0479444045349794
5330417C22Rik,240.97552039499,0.475953949731856,0.223460073155585,0.00128341631437088,0.0481379842220956
Ankrd6,112.68001363102,0.618918750754566,0.302361421519274,0.00129726769225701,0.0483388000787297
Slit3,488.333423243647,0.979349018216778,0.502239224451136,0.0012963060939146,0.0483388000787297
Zfp429,5.88148870248902,-0.0502397974979991,0.116929130852875,0.00129226917077312,0.0483388000787297
Cyb5b,325.321503549317,-0.389480216422088,0.176534710850781,0.00130015085876332,0.0483406853064374
Gm12526,74.642792047724,0.762623003210855,0.380014827617508,0.00130678929205269,0.0484818827351547
5730522E02Rik,523.743832542977,0.610529262851776,0.296489074569176,0.00131724439717,0.0487637589633475
Ano3,318.823921750139,1.10929952114791,0.57947428797446,0.00132959015456221,0.049056344912541
Adra1b,47.9242769660852,-0.697943566280492,0.352721672865054,0.00133089697026289,0.049056344912541
Cacna2d3,1622.43777876179,0.604731793023387,0.298866775893813,0.00133586669013594,0.049133407185043
Cecr2,310.373906784291,0.425477743997465,0.196080255356268,0.0013446893350182,0.0492652809486685
Josd2,1021.95811961533,-0.475700501322227,0.223127562391113,0.00134522564878,0.0492652809486685
Plpp3,220.509343307268,-0.421074956918925,0.195020874380266,0.00135938081970476,0.0495967594145385
Rab11fip3,829.267053192144,-0.250982235434912,0.102459040016069,0.00136008926555748,0.0495967594145385
